,评论时间,评论星级,评论内容
0,2020-12-01 21:04:12,4,这才第一集，嫪毐的一个肾就没了，可还行？赵姬表示很亏[裂开]
1,2020-12-01 21:00:00,3,比大秦帝国，差点儿意思。
2,2020-12-01 20:43:49,5,"从《裂变》一集不落的追到现在，也是数年的老粉了，在此期间，思想几多变化，对于大秦帝国系列要传达的价值观也有了更立体的认识。
单就《天下》来说，在演员演技、剧本剧情以及服化道方面，比前三部有过之而无不及，可谓国产剧中的佼佼者，尤其对于兵马俑造型的还原，颇具历史感。
剧粉和书粉的争论，从《纵横》开始延续至今，其实二种表现方式各有优劣。原作不乏历史厚重感，只是孙老先生私货太多，秦制和法家几乎完美无缺，老秦子弟都成了圣人。《纵横》的人物就立体化许多，明显的看出七国君臣都不是傻子，这样的对手戏才有看头。
秦统的好坏，也是利弊兼有。帝制时代法家能帮帝王统治天下，现在再推崇这种披着“法治”外衣的人治无疑是违背世界潮流的。统一之后还百姓太平，也不过是窃国者的托辞。王侯将相宁有种乎?"
3,2020-12-01 20:59:47,5,好看，一个段奕宏我就入戏了
4,2020-12-02 23:21:44,2,剧组合适吗 当我傻 不知道嬴政多少岁登基吗 窒息 张鲁一演少年嬴政是穷的请不起小演员吗 
5,2020-12-01 20:36:07,5,赳赳老秦，共赴国难！
6,2020-12-01 21:13:28,1,因一星被很多第四部粉丝豆邮恶意攻击。别人要接受你们的分数，否则就是异教徒。磨皮发白的滤镜和军师联盟相似的制景服装。作曲能和第一部比？嬴政的刻画，难道你们找不到一个和翁斐然差不多有点阴郁气质的小演员？还是根本不屑找？更别说张鲁一喊朱珠母亲了，简直无语。雷人的台词，诸如祖龙要跟吕不韦私奔。古语基本上就是个“甚”！战争场面是有钱了，但是和第一部比起来特别是上来的少梁之战。你们的士兵个个白白净净就算了，马站运镜都和第一部写实感有很大的差距。第一部也不严谨，诸如景监历史上是孝公宠信的太监，但那才是瑕不掩瑜！最后，最讨厌大秦妇一点就是都40集了还充斥着小家巴气的宫斗和阴谋。历史上没有发生的你们也硬要整出点什么！始皇帝，秦庙堂如果不是阳谋为体，尽最大努力团结怎么可能横扫六合，一统中国。这是格局。
7,2020-12-03 22:58:50,3,张鲁一对着朱珠喊“母亲”，我后背发凉。
8,2020-12-02 21:19:00,4,道服化好用心，演员除开赵姬都很给力，就不明白一点，张鲁一长相气质完全没有嬴政的feel，目前没上线不评价演的好不好，但形象上不符合我心中秦始皇的样子
9,2020-12-01 20:49:32,4,全是有演技的，好看
10,2020-12-01 21:00:29,5,看了一集，我先把五分放这
11,2020-12-03 22:54:30,2,失望！这是在拍什么古偶剧吗？要跟吕不韦浪迹天涯？？？张鲁一真的不适合演嬴政，毫无帝王之气。
12,2020-12-01 20:42:38,5,11月初那会盗梦组织提前看了前三集，真的很绝，大秦给我冲！
13,2020-12-01 20:39:45,5,非常好看非常燃的一部剧，服化道精美，演员演技没的挑，五星👍
14,2020-12-01 21:05:26,5,"啥时候能上阿孩子想看哭了
--------
今晚总算开播了 为了段奕宏来的 还是给了五星 第一集惟有嬴异人惊艳到我 其他的尚在混乱之中 再看吧 老段扮相还是帅的
/-/
客观评价 老段这部戏 不客气地讲 可能还没有几年前的韩信演得好 而张鲁一扮相如精细鬼 更一言难尽
但我还是给五星 谁也不因为 大秦是特殊的"
15,2020-12-02 11:54:44,3,跟前面几部，尤其是第一二部比起来，审美、剧情、服化道和节奏统统都不是一个档次的，变成了“戏说”大秦了。审美上就一股塑料味儿，毫无战国时期那种古朴带点野性纯粹的风格，假精致的影楼风。剧情和人设也奇葩，好多莫名其妙的事，轮子都掉了，驾车的还一个劲地鞭打马匹，智障么？赢异人是个顾家小男人，三句话不离老婆孩子。台词太直白，一嘴的现代大白话，白开水一样。节奏诡异，战争场面是砸钱了，可砸钱了你也别使劲堆砌啊，于剧情推动无关的大场面看多了很疲劳，影响主剧情，得不偿失。槽多无口，三星给演员们的演技吧，毕竟老戏骨还挺不容易的。
16,2020-12-01 22:11:41,1,"我觉得张鲁一的长相和气质不适合演秦始皇，太出戏了，让他去演刘邦吧。（不是说张鲁一不好，他演的吴老狗就挺好，但演员都有局限性，毕竟长相和气质在那，不是什么角色都适合）————还有为什么要让张鲁一演13岁的嬴政啊。而且还演的那么怂！一点帝王气都没有。
再说说这秦始皇被写成了傻白甜，还说要去跟吕不韦浪迹天涯，什么鬼编剧。还有帝太后怎么被改成慈母了？
————————————
看完30集，又看了36集预告，都快演一半了，，发现这嫪毐怎么还没死。。前面有点拖沓了。
————————————
这剧改名吧…应该叫大秦后宫赋。
（以上内容我编辑多次，是看剧期间边看边得出的感受。一些后添加的内容，还加了分割线，居然有人质疑我为什么发短评是12.1日，但是却写看完30集，你是不知道豆瓣有编辑功能吗？）"
17,2020-12-01 23:57:53,2,做家务看了一集，吹成这样，一塌糊涂
18,2020-12-01 21:52:57,3,失望！应该让丁黑导演
19,2020-12-02 00:35:10,3,失望，大写的失望。第一集人物出场时乱用运镜和镜头加速，技术运用得很奇怪；台词方面，连词添加得变扭，语句中各词性前后位置不合时代风格，像在现代台词基础上再添加点之乎者也；已出场的角色中，吕不韦、赵姬、嬴异人、申越等，饰演他们的都是好演员，可整体演绎出的风格和先秦时代非常违和。腾讯系根本没有制作历史正剧的经验，何必强行接手啊。赵季平老师的配乐及战争戏或许是前六集唯二的优点了吧。今年期待的两部古装历史剧在质量上齐齐垮掉，怒而摔笔！
0,2020-12-02 04:59:53,5,vip一口气看了6集。有没有瑕疵？有！有没有戏剧成分？有！但何谓历史正剧，个人认为只要像雍正王朝，汉武大帝这样大体主线符合历史走向，不要为了好看就打着历史的名号胡说八道改变历史甚至各种奇葩穿越，祸害我们的青少年。这就是历史正剧。好久不见，想念你！我们泱泱大国的历史正剧！希望多拍，泱泱华夏需要信念和未来，五星支持！加油。
1,2020-12-03 22:09:41,1,我也不知道以下哪个更雷：80年的张鲁一叫84年的朱珠妈还演的是13岁的嬴政；张鲁一演的13岁嬴政叫吕不韦带他走，他们一起去浪迹天涯；嬴政管华阳叫嫡祖母太后。
2,2020-12-03 00:56:41,2,选角真的不可，相较于之前富大龙老师和张博，这部的嬴政选角emmm…，一言难尽，我认可张鲁一老师在其他剧里的演技，但他真的没有嬴政的气质，而且还扮演年龄13岁的少年嬴政…，他比段奕宏老师哼适合演吕不韦
3,2020-12-02 20:48:09,1,还是场面太干净了！！啥玩意儿都是整整齐齐一点污糟都没有！这样怎么能叫大秦……你这地面都铺这么好的现代化地砖，秦始皇还需要车同轨吗？？？
4,2020-12-04 07:52:48,1,不说别的，千古一帝不是张鲁一这样的……他撑不起来，他也不配这个角色
5,2020-12-01 20:41:02,5,8.8.前三集质感相当不错。
6,2020-12-02 16:58:23,5,"发现很多评论，尤其女性居多，最基本的历史知识都没有，就在那大放厥词。
拜托，这是历史剧，非得讲剧情，去看《燕云台》不香么？"
7,2020-12-02 19:44:33,1,难看 看了一集 这拉垮的剧情……
8,2020-12-02 19:29:59,1,古战国之风荡然无存，BGM滥用到无以复加，华丽的背后是精心堆砌的泥沙
9,2020-12-04 08:58:26,1,讲真槽多无口......演员形象差距太大，13岁的嬴政长成那样？找个年龄相符的小演员很难？另外，听着台词太别扭，很多都是一字一字往外蹦，这种正剧古装剧难道演员不练的吗？太影响观剧感受了！
10,2020-12-03 16:05:00,2,惊了，张鲁一居然演13岁的嬴政，之前那个长了一张灭六国脸的小演员翁裴然哪里去了
11,2020-12-04 13:40:19,1,张鲁一演大秦还敢同时轧3部戏？可真牛啊！所以把秦王演成了赵高，没有一点帝王之气……还有朱珠，瞪眼式演技
12,2020-12-01 21:42:59,1,尴尬。
13,2020-12-02 19:41:56,1,真的是有多期待就有多失望，剧情太生硬了，张鲁一适更合演刘邦，一点也比不上大秦帝国。
14,2020-12-04 00:57:38,2,张鲁一的《大秦赋》出场太吓人了，他看起来起码到三十一岁，演嬴政十三岁也太不像了啊！看起来有点阴险，老奸巨猾、贪恋权势，更接近吕不韦。
15,2020-12-04 05:13:53,2,"编剧水准真拉胯 历史上的嬴政绝不是张鲁一演的这个样子 嬴政不是一般的始皇帝 是天生的帝王家 会说出这种水平的台词？台词看得咯噔又尴尬，剧里成年模样的少年嬴政管吕不韦叫爸爸然后浪迹天涯？？祖龙都要气活了 

希望演员对自己演的角色有使命感和敬畏之心 对自己有羞耻心和自知之明 四十岁的人演13岁都不到的童年嬴政真的不适合 演员本身的演技也没有优秀到让人可以忽略年龄跨度太大 而且眼神充满中年疲惫的感觉 缺少了少年眼神里应有的光芒和野心
怀念少年帝王翁斐然 长了一张生来就要灭六国的脸 "
16,2020-12-01 20:54:54,1,我对改编的历史正剧很严格要做做好全方位特别是这样的历史庄严正剧。历史剧应该加入新颖和创新的元素风格在配合以往庄严的气势这样好才能完美打造出一部小说改编的历史古装正剧，我看了 两集之后太沉闷了，我们中国的古装历史正剧必须要做出改变，要加入现在新时代的一些创新的，新颖的一些元素在里面，那个画质画面感一定要有那种诗意感，有那种素描感有那种水墨画的感觉，古装历史正剧如果老是这样拍的话，那不如还去看纪录片好，不仅要遵循历史事实，而且在拍摄上面也要加入新鲜新颖的东西元素才行，这样拍出来，现在的年轻观众才喜欢看受众的话，不仅是中年观众，年轻的观众也是一样，爱看才行，我给一星。
17,2020-12-04 07:35:40,1,可怕。选角不看外形年龄的？还有那荒唐至极的台词！！！！！！
18,2020-12-03 20:41:08,1,以为有钱就能拍出好剧，非也!经费最穷的第一部拍出了最好的大秦帝国，第二部也很好，第三部要不是演员作死，抠图太假，也和第二部有的一拼。当然，前三部都不差。此剧开播，惊了!十三岁的小演员请不起吗？让一个大叔演十三岁的少年?合适吗？评论大神指出了好多历史错误。连央视都学起了韩式一字眉以及艳丽非凡的场景，请问电视剧这块还有救吗？做到古朴二字真这么难吗？怀念一下翁斐然的祖龙，眉宇间的阴鸷生来就是要灭六国的。不知道有生之年，能不能看到谁再好好演个秦始皇。
19,2020-12-03 18:43:06,1,我了个去，完全是大秦帝国最差一部，场面完全仿照电影英雄的拍摄，大气但有失实际情况。场面和恋爱古装剧一样，只是没有小鲜肉而已。很多不搭配。电视剧名字也大失所望，和富大龙那部纵横相比，最差了。第一集就不想看了，这样的导演真服了
0,2020-12-04 07:52:54,2,辱嬴政了 辱祖龙了 换个人演
1,2020-12-04 10:26:20,2,十三岁长这样？雷死人不偿命，嬴政看起来都比吕不韦老，找个小演员这么难么
2,2020-12-04 07:44:34,1,尬得我不行。很多演员演技实在不行。剧情垃圾。台词差评。
3,2020-12-04 09:22:12,2,哈哈哈给五分的人是认真的嘛，别和烂片比，和前几部比比就是差，实话实说
4,2020-12-04 10:41:21,1,张鲁一演嬴政是败笔
5,2020-12-04 10:45:34,1,简直受不了，太黑祖龙了！剧组是没钱请13岁的小演员吗？还有就是剧里嬴政竟然给吕不韦下跪，莫名其妙化身玛丽苏？对吕不韦说：还不如和你浪迹天涯，再也不想做这不知道生父的畜牲？
6,2020-12-04 11:40:04,2,我收回之前说的“鱼蛋不红天理难容”的话，打脸了，不红真的是有原因的。
7,2020-12-04 11:39:10,1,不是我喜欢的类型，张鲁一40岁还演13岁真是尬到我脚趾扣地。。。
8,2020-12-04 08:23:18,1,以为让张鲁一演统一六国后的嬴政，万万没想到从十几岁演起？？？白瞎了一部好ip，大制作。
9,2020-12-04 00:36:53,2,滚滚滚！多年《大秦帝国》铁粉硬是给我看脱粉了！特么什么狗剧情！台词现代化，剧情弱智化，政哥傻白甜？比权游最后一季还让我恶心🤢！还我人精劳模政哥还我老秦！越期待就越失望！气死我了！拳头都看硬了！
10,2020-12-04 21:11:36,1,张鲁一演的是秦始皇？我还以为是阿斗😐
11,2020-12-04 00:20:17,2,真的不想承认这是大秦帝国的第四部，给我看傻了，我以为张鲁一的嬴政已经够咯噔了，结果今晚嬴政和吕不韦浪迹天涯，这都是些什么弱智剧情，编剧这是比司马迁还会写啊
12,2020-12-03 22:18:47,1,看了一点，就这？就这还拉踩其他年轻演员和其他剧？十几岁的嬴政张着四十岁的脸？要和吕不韦浪迹天涯？
13,2020-12-04 10:33:53,1,长得像55岁的人，不要演13岁的少年霸主
14,2020-12-04 14:18:29,1,不尊重历史原型人物性格的历史剧一星都不值。浪迹天涯？可能吗！要拍古偶就架空，别碰任何历史朝代。看得生气，弃了。
15,2020-12-04 11:52:13,1,一星送给男主，没能力没态度，就不要糟蹋好戏了，这年头好戏不多了……
16,2020-12-02 15:43:56,2,追了二集  没觉得有多好 这系列大秦 真是越来不喜欢 
17,2020-12-03 23:16:29,1,改名了所以我可以理所当然的安慰自己这不是秦四，果然开始吹剧的服道化多精良开始吹场面多大多有钱的几乎都是烂剧。我不敢相信这部剧的编剧是李梦，这个台词和秦二根本没法比，再者这个剧情是认真的吗？我可以接受对历史的艺术加工不代表可以接受对历史的魔改，既然走的是历史正剧的路子就应该要好好考究史实，而不是不管什么东西都拿来用。动动你的小脑袋瓜，始皇帝诶？怎么可能对吕不韦说出如果你是我的生父，就带我离开秦国这种傻逼语录！！！
18,2020-12-03 20:15:45,1,“唯有灭六国成一国，才没有生灵涂炭，百姓安居乐业，没有妻离子散”台词令人作呕。明明秦制把国家变成战争机器，把人民榨的一滴不剩，编剧上学没背过《阿房宫赋》吗？跪舔法家的姿势令人不耻，别忘了商鞅自己就被酷法反噬。把虎狼暴秦描绘成正义之师，指鹿为马，颠倒黑白，必须一⭐。
19,2020-12-03 23:11:38,1,祖龙认吕不韦当爹？？？？？！OMG编剧疯了
0,2020-12-04 09:36:14,1,相比于之前几部，这部居然如此的粗糙。13岁要有13岁的样子，你妈的用个大叔演是有多缺钱。剧情，剪辑都乱七八糟真心失望，你是历史正剧，不是偶像剧，那女演员的妆容是真心的吗！
1,2020-12-04 04:34:10,2,前几部的忠实粉丝了，今天看到宫变戏真的好失望。剧本换了剧情真的透露着莫名其妙-1，演员选角-1，感觉4年等来了这么个剧情生气-1
2,2020-12-04 14:17:45,2,40岁的脸演13岁的娃儿，你好歹把刘晓庆的毛戈平借来啊，不成体统！
3,2020-12-04 11:32:18,2,？？？这是那个大秦吗，我看到张鲁一演13岁的祖龙我整个人都裂了，我国中年油腻男演员➕1，我国中年男演员演技平庸吹老戏骨➕1，我国抓马阴鸷派演员➕1
4,2020-12-04 10:23:05,2,张鲁一……很差！他真的是老鼠屎一样的存在，和富大龙张博完全不是一个等级
5,2020-12-05 01:59:37,1,不想看了，1星给场面，太水了，5集是正常1集量，台词完全玛丽苏古偶，能看出大部分演员在努力演，但感觉只有段一个人有那味。找张鲁一就是最大败笔。毁了大秦帝国系列
6,2020-12-02 22:38:32,2,真的不如前几部。还有张鲁一演技没问题但是缺少秦王嬴政的霸气。吕不韦段奕宏选的好演的也好
7,2020-12-04 14:25:33,1,感谢剧组呕心沥血用演员向我们证明了人类进化史上对人类外貌的不断完善 。请一个青年演员会怎么样你们是吧，你们家十三岁长得像三十三
8,2020-12-04 21:01:26,1,不多说了。系列最差。
9,2020-12-04 15:38:24,1,张鲁一拉黑！糊弄人呢吗？营销戏骨不就是因为丑，演技没有戏骨的水平
10,2020-12-05 00:18:05,1,冲着段奕宏张鲁一来的，结果看了两集半，裂了……这真的是饱受赞誉的《大秦》嫡系么？如果说富不过三代那这部真的把家里夜壶都给当了……剧情经不起推敲，人物一个个塑造得傻比一样，台词水不拉几，议和一场戏的平原君浮夸得像个屠户莽夫……还有，看着女演员捧着当老公岁数还有富余辛柏青的脸慈爱地叫“我儿”就……打扰了告辞
11,2020-12-04 20:05:19,1,张鲁一真是一言难尽啊，编剧真是一言难尽啊，导演真是一言难尽啊！蛮期待的剧看的浑身难受！
12,2020-12-04 09:16:50,1,"槽点之密集使我弃剧。
人物过于想象化，且至12集没有一个立得住的。
台词过于白且中二，道具过于新，色调过于鲜艳，女演员的妆容拉垮，破坏了整部剧本该有的历史氛围。"
13,2020-12-04 23:03:49,1,"垃圾！前面的我忍了，十一集拍的什么垃圾！嬴政听了一点谣言就相信吕不韦是自己父亲了？就哭着要认祖归宗了？要跟着吕不韦浪迹天涯了？这是那个年纪轻轻统一天下的人？我可去你的吧！！这剧的真实操盘人你也不怕祖龙显灵劈死你
看到有人说吕不韦六十集才下线，这部剧的编剧怕不是武媚娘传奇的编剧，明明在主角生命历程中占比最小的一部分楞是拍出占总数三分之二的剧集……"
14,2020-12-05 07:17:25,2,同时轧戏3部还没有能力讲文言文台词再见吧张鲁一。怎么想的，“及至始皇，奋六世之余烈，振长策而御宇内，吞二周而亡诸侯，履至尊而制六合，执敲扑而鞭笞天下，威振四海”，结果 我要跟你浪迹天涯？？？？？？？？？？？？
15,2020-12-04 23:21:30,1,张鲁一不适合嬴政，段奕宏不适合吕不韦
16,2020-12-04 13:02:52,1,不用看了，执着于大场面，以为这就很酷？本来前三部就很粗糙，这部更粗糙，第二部至少台词对话很精彩，这部看啥？欢呼吧我的臣民？拍的跟个中二病一样。导演直接谢罪吧，剧情发展好无聊
17,2020-12-04 18:03:31,2,服化道都还凑合，非得让一个四十的去演14的？这特么谁能看进去？编剧就是吃了s一样，围绕一个身世的八卦问题，在哪里逼逼赖赖个不停，公子疾和赵姬讨论了一天一夜？？？大家正怀疑的时候吕不韦开口来个政儿？？？嬴政不问赢异人去跟吕不韦双宿双飞？？？这编剧是吃了多少S？故意制造八卦，你家祖传八卦业出身？5，6分见。
18,2020-12-05 06:19:00,1,张鲁一去演一个13岁的嬴政 不觉得自己太老了看的别扭吗？还有剧本问题 公子溪直接被嘴炮说服了 我满脑子问号 还有就是大问题 华阳太后真的是大反派吗？？？把夏弄的那么边缘真的好吗 嬴政亲政之前最大的看点难道不是政斗 各大派系的争斗楚系韩系赵系
19,2020-12-04 14:31:00,1,大型车祸现场，选角严重失败，油腻套路
0,2020-12-04 11:00:58,2,选角失败，剧本稀烂，一星给情怀一星留余地。
1,2020-12-03 15:58:41,1,张鲁一太没祖龙皇帝气质了吧，演技拉胯
2,2020-12-04 20:48:22,1,我真的好气，等了这么久最后呈现出来的就这？？？就这？？？张鲁一演成这样以后别吹老戏骨了，整部剧的节奏太有问题了，能不能照着前三部的水准重拍啊
3,2020-12-05 01:30:02,1,嬴政都要跟吕不韦私奔了，还有脸吹历史正剧，是梁静茹给你的勇气？？？
4,2020-12-05 00:24:01,1,嬴政演成这样，我是没有想到的！
5,2020-12-03 14:53:03,1,张鲁一为什么秦始皇？？？？？？13岁也演？心里没数吗？？？？？眼睛好疲惫，毫无气势，一看到就拉胯😒
6,2020-12-04 12:00:39,1,13岁？
7,2020-12-05 03:56:36,2,我大中华没演员了吗？让浑身透着怂的二哥演始皇？还有那朱珠
8,2020-12-09 00:56:47,1,"第一次给了五分

(改分）艹甘罗这个死我真的不能忍了,这个剧不配得到5分,历史剧就好好按历史剧拍好吗,这个剧把嬴政描绘的像个傻逼,我要弃剧了

(再次改分）第三次改分了,今天看到嬴政娶双妃,彻底弃剧了,实在是无力吐槽,什么狗屁玩意儿,辛亏没有叫大秦帝国,简直是辱前两部了,望周知,这就是一部宫斗加恋爱的爽剧,权谋的成分基本🈚,演的嬴政就知道天天喊口号要统一,但是自己讲不出什么谋略出来,而且动不动突然杀人,真就像精神分裂症一样。全篇白话,跟第一二部台词差了十万八千里,把吕不韦和嬴政给毁了。对大秦赋感到特别失望,不知道是什么原因把剧魔改成这样的,希望资本能明白剧本的重要性不要乱改剧本了。"
9,2020-12-02 14:40:30,2,第一集 4.0这服化道也太假了吧 少拍几集用在该用的地方吧
10,2020-12-04 07:33:51,1,满屏的尴尬
11,2020-12-02 12:19:02,1,有零星吗，给一星都是抬举这剧了。编剧还是看会书吧
12,2020-12-05 08:52:22,1,人物关系设置别扭，台词不符合人物的身份和动机。故事说到底是要讲逻辑，讲节奏的，二者不对，只能泄气和出戏。
13,2020-12-04 11:36:13,2,我是做错了什么看这部剧？我还是回去看崛起吧！🤯🤯
14,2020-12-03 23:52:19,1,观望了好几天才来评价，骂自己“连自己生父是谁都不知道的畜生”的秦始皇，我真的想问这个选角和塑造真的不怕始皇帝来找你们吗？这对比第一部第二部太拉胯了
15,2020-12-04 07:10:25,2,假就一个字
16,2020-12-04 23:14:56,1,太烂了，对得起前三部么，毁了这么好的原著
17,2020-12-04 02:12:15,1,"天啊，下滑得也太多了吧。这糟糕的台词，这糟糕的赵姬，这糟糕的节奏，这糟糕的颜色, 真的和前三部不在一个水平，甚至都不像一个系列了。"
18,2020-12-04 08:25:45,2,前几部任何一个秦王拿过来都比这个好，还有这个台词怎么回事？？
19,2020-12-02 11:35:23,1,学人拍历史剧？自己就在家编？硬编？真当戏说在写？第一集就弃了，马车逃跑那段宛如儿戏，非得把马整死步行，你们三骑马不行？看第一集我就知道工具人秦异人、醪毐戏不少，史书上没有的事就自己编。强行宫斗、强行腹黑华阳夫人和主角对立？至于对白台词有多水，初中以上文化的人都看的出来吧，和前三部高下立判，那才是中华文化！
0,2020-12-02 12:19:02,1,有零星吗，给一星都是抬举这剧了。编剧还是看会书吧
1,2020-12-04 10:37:54,2,本来是打算四星的，以前几部还不错，但这部确定不是拿观众当傻子吗？13岁的赢政长着40岁的脸，蒙谁呢！
2,2020-12-05 08:52:22,1,人物关系设置别扭，台词不符合人物的身份和动机。故事说到底是要讲逻辑，讲节奏的，二者不对，只能泄气和出戏。
3,2020-12-03 23:52:19,1,观望了好几天才来评价，骂自己“连自己生父是谁都不知道的畜生”的秦始皇，我真的想问这个选角和塑造真的不怕始皇帝来找你们吗？这对比第一部第二部太拉胯了
4,2020-12-04 04:31:54,2,始皇要被气活了
5,2020-12-04 23:14:56,1,太烂了，对得起前三部么，毁了这么好的原著
6,2020-12-04 11:59:34,2,不行啊 进不去呀 剪辑一会很跳一会很墨迹
7,2020-12-05 01:39:05,2,这是正剧？？我以为我在看庆余年
8,2020-12-04 21:25:08,2,张鲁一毁我政哥
9,2020-12-04 02:12:15,1,"天啊，下滑得也太多了吧。这糟糕的台词，这糟糕的赵姬，这糟糕的节奏，这糟糕的颜色, 真的和前三部不在一个水平，甚至都不像一个系列了。"
10,2020-12-02 11:35:23,1,学人拍历史剧？自己就在家编？硬编？真当戏说在写？第一集就弃了，马车逃跑那段宛如儿戏，非得把马整死步行，你们三骑马不行？看第一集我就知道工具人秦异人、醪毐戏不少，史书上没有的事就自己编。强行宫斗、强行腹黑华阳夫人和主角对立？至于对白台词有多水，初中以上文化的人都看的出来吧，和前三部高下立判，那才是中华文化！
11,2020-12-03 13:15:33,1,兴致勃勃追看了几集，节奏真的很差啊…………选角也很不合适，这分也太虚高了。砸破了央视地盘吧，播啥都破1的，这剧看野榜0.6
12,2020-12-05 00:49:31,1,收尾之作搞成这样真的是一言难尽，张鲁一实在没有扫六合的霸气，弃了。
13,2020-12-03 11:10:58,1,剧组有钱了，演员剧情都不行了....
14,2020-12-02 16:58:23,5,"发现很多评论，尤其女性居多，最基本的历史知识都没有，就在那大放厥词。
拜托，这是历史剧，非得讲剧情，去看《燕云台》不香么？"
15,2020-12-04 22:33:45,1,说自己是畜生的秦始皇？还要和吕不韦浪迹天涯的秦始皇？？瞎编乱造的大烂剧
16,2020-12-04 20:46:24,2,前几集觉得还挺不错的，直到青少年嬴政出场……打扰了
17,2020-12-04 08:41:45,2,从13岁开始演我就??????剧本也不行唉
18,2020-12-04 14:48:11,1,“这朱珠的赵姬跟街头网红一样，差评！看到就跳”——前六集评。  “张鲁一完全不符秦始皇，完全一个可爱巨婴，还跟吕不韦浪迹天涯？这朱珠的赵姬是不快要和赢子傒私奔了，还你快乐吗？不仅选角问题，台词真的尬到不行，太多大白话，毫无厚重感，配乐也缺磅礴大气，准备弃剧，9-12集真让我想吐”——前十二集评。 若是历史正剧，那请正视历史，莫不是有钱了就忘记初心了？
19,2020-12-04 00:56:54,2,张鲁一给我劝退了
0,2020-12-04 13:07:20,2,11集弃
1,2020-12-04 14:14:18,2,张鲁一出来毁所有 一点嬴政的霸气都没有 还不如前面那个男孩 弃了……
2,2020-12-04 22:05:44,1,尊重下祖龙年龄好嘛，13岁长了张50的脸？(我后悔了，本来打三星，今天那个脸吓得我只能打一星)
3,2020-12-03 23:59:00,2,嬴政你再说一遍，你要和谁浪迹天涯？
4,2020-12-04 14:50:51,1,垃圾，嬴政和他大叔都是有勇有谋庙堂之上拔剑杀人，一个华阳夫人给加了一万集戏码，张鲁一35岁的脸演13岁的祖龙，你烂可以，不能烂成这样！
5,2020-12-04 01:45:23,1,剧名就让人琢磨不透，演技差了点
6,2020-12-04 20:33:45,2,看不下去了，弃剧了，演赵姬的女演员是这个片子的出资方么？演的太让人出戏了，男主也感觉胜任不了这个角色，整剧台词尴尬....节奏拖沓...不懂为什么有这么高的评分？
7,2020-12-03 21:18:15,1,又是迎合现在小学生吹秦始皇风气的产物，一口一个政哥哥，不恶心嘛
8,2020-12-03 12:56:16,1,"好菜吃100遍也吃不腻，一坨屎拉70分钟只会更臭。

我算是理解督工喷八佰是什么心情了。演义就是演义，说自己是历史剧也可以（毕竟分历史纪录片和历史剧情片），还非得挂着羊头卖狗肉说是历史“正”剧。看了三集都看不出正在哪儿。

这部剧的正，就是主角一方一定正能量，一定正面形象。自己背盟就是正义的化身，别人不守信就是背信弃义的伪君子。FOX都不敢这么编。

粉丝还一个劲儿在那儿尬吹第三集赵子楚对赵胜说“杀光赵氏”。你杀光你爹你爷？

他俩都是嬴姓赵氏，压根儿不可能一堆人站出来说自己嬴摎，嬴子楚。连祖宗都不要了，尴不尴尬。战国都称氏不称姓，主角自己就叫赵子楚，他儿子赵政，考古出土了《赵正书》（正通政），史记里全是对秦王室称赵的。

槽点太多，你细说可以，大家就当庄襄秘史看，别再尬吹历史正剧了。"
9,2020-12-14 01:13:23,1,《国家宝藏》里富大龙13分钟的秦始皇吊打张鲁一！
10,2020-12-04 20:36:26,1,"就冲李斯对韩非在学馆说的那段话，以及韩非那句“韩，无需怜悯”
这是韩非能说出来的话？"
11,2020-12-05 16:32:35,1,这部剧你可以看到应该十三但是长得像四十三的祖龙，你还可以看到祖龙骂自己是生父是谁都不知道的畜生，你甚至可以看到要和吕不韦浪迹天涯朝堂上对着吕不韦星星眼的祖龙，我不知道别人怎么想，反正我是快气笑了。
12,2020-12-03 22:33:26,1,选角太失败了，剧本稀烂，台词拗口
13,2020-12-05 00:13:32,2,什么鬼剧情和张鲁一出离迷惑的演技，除了老段没一个能让人入戏的，该感谢制作方没叫大秦帝国系列哦！
14,2020-12-05 02:07:09,2,不走心不认真，和前三部天壤之别，不止是演员的问题😥说实话，不好好拍也就别糟蹋祖龙了
15,2020-12-04 20:43:24,2,嬴政的选角不可
16,2020-12-04 15:38:34,2,从没想过大秦系列会有这么吓人的时候，滤镜碎一地
17,2020-12-09 03:47:37,1,这演赵姬的演员不像太后，像天真烂漫的官宦小姐。没见过在等级森严的封建社会哪个太后的小酒窝笑的格外灿烂。
18,2020-12-04 10:16:21,2,除了段奕宏没啥值得可吹得
19,2020-12-05 02:45:15,2,服了我真的服了，彻底从正剧变成了瞎扯淡，打二星给部分认真的演职人员，至少目前我觉得它不及格
0,2020-12-03 07:21:10,2,剪的太过了，邯郸之战虎头蛇尾，后面连提都没提起，懒得追了。
1,2020-12-05 23:54:25,2,一个张鲁一，将这部戏的观感给毁了。都多大岁了，还装嫩，前面少年演员演得气势十足，为什么不能坚持久一些，让一个40岁的张鲁一演一个十几岁的娃娃，真当观众是瞎吗？张鲁一的气质也不是帝王的，他一直是走阴郁路线的，这八竿子也打不着呀。可惜了一众演技派，怎么看怎么别扭。
2,2020-12-04 19:15:41,1,看不下去！看不下去！——啥玩意儿。这个小导演，要把前三部《大秦帝国》的好口碑败光。这么大的投资，简直太尴尬啦。大秦最精彩的部分，被人拍的稀碎，可惜可惜
3,2020-12-05 23:56:39,1,屎拉不出来怪马桶，戏拍得不好没人看怪女观众浅薄。是选了历史题材就高贵呀，还是因为这是纯阳刚的戏，不可说不好？当年大明宫词收视率怎么就杠杠的？
4,2020-12-05 00:01:59,1,一星给13岁的张鲁一.....张鲁一先生还不如多多钆戏，您戏份少点晚点出现观众还能痛快点。这版大秦算得上是史上最烂了，把之前狂吹的逼格都撕烂了哈哈哈
5,2020-12-05 08:35:47,1,剧情太烂了
6,2020-12-09 08:27:48,3,"刚上线那天打了五星，现在删了重评。这剧就不是大秦帝国第四部，大秦帝国丢不起那人。
"
7,2020-12-04 21:43:57,2,说实话有生以来第一次看到创作者对自己所创作主角的一种“不信任”或“厌弃”。其实创作是自由的，历史也是一个拥有多侧面多角度创作空间，既然对要创作的历史人物不满又何必委屈自己硬上，大可以换个自己喜欢的。而不是像现在这样，既是对自己灵魂的否决，也是对笔下主角的践踏。漫长的剧集，中心人物本身撑不起来就很致命。当然也不能妄下论断，静观其变，狗头保命。
8,2020-12-02 00:38:55,1,开场邯郸一战瞬间爸观众带回到了90年代制作水准
9,2020-12-01 20:56:50,5,初中看了第一部，高中看了第二部，大学看了第三部，终于等到你，还好我没放弃
10,2020-12-04 22:53:44,2,张鲁一轧戏然后演技还烂不值分，段奕宏和吕不韦不融合看着别扭。看来看去最佳颁给辛柏青。
11,2020-12-04 08:40:42,1,一分是给李梦的，其他人一分都不值。这狗屎剧自己和前三部看看能比吗？
12,2020-12-06 07:34:23,1,剧烂演技差还甩锅女性观众 清醒点哈 除了历史粉没人看你这烂剧 哦不对 历史粉也不看这种打着正剧名头魔改的烂剧🤗接档了前面收视破2剧的底盘结果扑成这样心里没点数？
13,2020-12-02 10:52:01,2,到底是古装历史剧还是小说改编剧？如果定位是历史剧能不能尊重下历史？如果是小说改编剧那就当是古装权谋剧了！但这集数，呵呵，哈哈，真当自个是新三国演义啊？再看看新三国演义也就勉强8分！那这剧能及格6分就算成功了！
14,2020-12-04 18:33:06,1,"除了段奕宏和邬君梅以外的演员都很辛苦的在演,而我很辛苦的在看。历史正剧不代表可以拍成流水账.形式大过于内容毫无审美可言/"
15,2020-12-05 10:06:04,1,毁了经典
16,2020-12-03 23:27:54,2,"2020.12.3前两集。
1.改名。真的谢谢改名，让大秦帝国结局止步第三部，这是贵剧组做的唯一一件好事。
2.战争场面。十分像在过家家，纪实性很差，不适合作为正剧观看。
3.台词。和前三部不是一个档次，可以用非常烂来形容。
4.服化道和演员演技还不错，表白老段。
5.转场。不是很懂为什么用那么多慢镜头，镜头转场非常生硬。
非常失望，是我期待过高。另外，这剧虚高的分让我非常担心观众对历史正剧的定义。"
17,2020-12-03 07:16:43,2,挺粗糙的其实。
18,2020-12-03 23:26:08,2,选角是认真的？？？这么老又毫无霸气的嬴政，和这么油腻的吕不韦？？？剧情也够扯犊子的。
19,2020-12-05 08:59:37,2,唉，又一好题材又成烂片。例如：1，公子傒于华阳君府外侦俟吕不韦，追马车还是牛车问题？被搞成脑筋急转弯，其实大有发挥并可简洁交待。2，演员可以，剧本和导演差到不胜枚举……
0,2020-12-04 15:35:34,2,不够给第一部提鞋
1,2020-12-04 18:14:04,1,不知道都在吹什么
2,2020-12-04 17:51:35,1,不是特别喜欢。感觉剧组🎬花了大价钱来搞这个剧，可是拍这种冷兵器时代的对战大场面有何意义？剧的历史观和价值观都落伍了，王侯将相与鸡鸣狗盗其实并无本质区别，手里的玩具不一样而已。无聊了～豆分很高，又刷了一下，感觉女角色都很好，又美又有戏。男演员嚒，古装戏的架子拿的太重太重了，就像说着一口新闻联播的播音腔去食堂打饭的感觉，普遍用力过猛。而嬴政居然是张鲁一，青年男演员被剧组鄙视了吗？再说了，这剧真没有吹的那么好，评分高的离奇。
3,2020-12-05 01:56:15,2,整部剧从色调风格上相比较前两部过于鲜艳了，看似精致的服化道，全为迎合市场的审美，实际上没有了战国时期的那种古朴，厚重。再说对白，完全的大白话，第一二部的对白反而精致考究许多。
4,2020-12-04 22:21:06,2,这个8.5 是真的吗…槽多无口 赵国公子那几位 找个工作吧 你们不适合当演员
5,2020-12-10 00:31:48,1,虽然彩彩彩的嚎个没完，但是除了打酱油的辛柏青，到现在看了三十集，没一丁点出彩的地方。忽悠假内行的秦军服装实则是礼服，秦军作战和六国一样要戴头盔，披甲主要应是皮甲而非铁甲，更不可能大规模装备铁甲。最值得一提的是该片选角，跟闹着玩似的，主要演员的选角无不被大家诟病，段奕宏演的吕不韦跟村儿里的酒蒙子村支书似的，没事就傻笑、吸溜水、摸肚子，这指定是你妈有点中风前兆。秦王就不说了，看见铁林那张驴脸就出戏，挺好个演员非安排去演秦王，别说彩彩彩了，半点彩都出不来。二十八集才看见尤勇，演的是王翦，一出场就把段奕宏的吕不韦衬得更傻逼了……
6,2020-12-03 22:52:45,2,这嬴政当王这几集演的真的好扯啊！赵姬跟公子傒谈了一个晚上加白天？嬴政居然跟吕不韦说我愿意跟你去浪迹天涯？太扯啦救命🆘🆘🆘🆘 张鲁一顶着一张四五十的脸，怎么能演十几岁的嬴政？两星仅仅是给比普通国产剧高出一截儿的演技水平以及服化道，服化道也不怎么地，也没有多少考究。但在国产剧用心程度里面算是矮子里面拔将军了。
7,2020-12-07 01:00:07,1,张鲁一是准备模仿李雪健的演法？模仿的四不像？
8,2020-12-04 23:21:31,2,戏骨太老了！张鲁一演13岁亏心不亏心啊
9,2020-12-03 10:43:13,2,编剧简直乱来！
10,2020-12-08 22:21:45,1,看到第十集，已经看不下去了。实话实说，比第一部差了太多太多，及格分都达不到。无比失望。
11,2020-12-06 00:55:47,1,万万没想到大秦帝国系列居然会烂尾……所以没用系列名是有自知之明的决定吗😔
12,2020-12-03 20:40:18,2,战争场面牛逼，剧情什么玩意
13,2020-12-04 20:39:45,3,看到13岁的嬴政出来，对不起，打扰了。。。
14,2020-12-04 23:57:54,2,弃剧了，从裂变开始追的，一部没落下，其实最想看的就是始皇帝，可是实在受不了40岁演13岁，张鲁一你堕落了！演技再好，也弥补不了年龄的巨大差距，从外型上就无法令观众信服，频频出戏，何况演技还没那么好！真的很想打一星，老粉不忍心，给两星吧
15,2020-12-05 23:02:31,1,打着正剧的名义做着狗血的事儿，恶心！
16,2020-12-09 00:01:00,1,幸好没叫大秦帝国之xx，简直丢脸
17,2020-12-14 08:10:57,1,"希望有多大，失望便有多大。
我个人认为，越是宏大背景，厚重的剧（电影），越是要避免狗血的感情戏，会严重削弱背景气氛，始皇帝生世复杂，但没必要借题发挥，更多的应该是他灭六国，统一规制的那段波澜壮阔的历史。可惜，本剧编剧和导演的眼界太低，精神淫靡，全用力在那些可能完全是杜撰的野史秘事，塑造的哪里是秦始皇，只是他们猥琐脑袋里面那个龌蹉的投影。
《大秦帝国》系列是看第二部纵横，带来的期待，如今被这部《大情妇》恶心到了，此剧甚至不如二三十年前香港拍的秦始皇剧集，那些兢兢业业的配角、幕后人员辛苦了，而编剧，导演，主演们，你弄了个啥呀？！"
18,2020-12-05 08:24:53,2,堂堂一代名相文信侯被演成了一个傻子，名在哪了我是没看出来，第一部为什么经典，就是因为最忠于原著，看看人家原著中的吕不韦是怎么刻画的，不要以为换了个名字就不是大秦系列了
19,2020-12-04 22:13:00,2,这是什么玩意？知否吗？张鲁一真的太油腻了我的天阿
0,2020-12-02 12:29:11,2,这是在整活？
1,2020-12-03 22:40:04,2,少年祖龙能不能换个年龄小点的
2,2020-12-09 02:38:12,2,改分摊牌了真的，演员的问题甚至都显得不那么突出了，因为从根上这编剧和剧本真就是一滩淤泥！实在不明白在瞎胡编些什么乱七八糟的令人大跌眼镜，完全扯闲淡一样的剧情台词和人物塑造方案。老嬴稷和辛柏青的嬴异人演绎是唯一的高光，也是一开始唬住我的地方，段奕宏表现真的低于预期很多。服化道精致≠剧好，演员年长≠老戏骨，大秦帝国名声好≠大秦赋好。开幕雷击中二自语、申越成功学鸡汤、赵姬《你不是真正的快乐》三段堪称前期“经典”，现在还有李斯激寒自演，政丹cp撕逼，甘罗白给，我娶两个不立后(你太机智了我们咋想不到)等等列不全，啊整半天千古一帝灭六国在哪呢？
3,2020-12-14 04:23:46,1,这部实在太差了，导演编剧和演员对得起观众的期待吗？对得起大秦帝国的ip吗？大秦帝国4将近80集的戏份，拍摄期间张鲁一居然同时轧戏三部，秦始皇，很多演员一生都有可能演绎不上的角色，接到还不用心演。请向王志飞侯勇富大龙张博学习，还记得当时看剧的时候演员台词虽然都是古文类型的，但大家台词功底超棒，说的也很有气势。张博上声临其境时隔七年还能完整还原剧中台词。看了国家宝藏里富大龙的嬴政，台词仪态节奏都很好。张鲁一不配和这些演员放在一起比较。演赵姬那位演员，不认识是谁，台词很差，不分场合的笑还爱瞪眼，说话摇头晃老，表演无层次，像现代人穿越到古代，和大家格格不入。把李梦的剧本魔改到妈都不认识，怎么有脸把人放在编剧一栏。剧组剪辑配乐都不行，观众想看的是秦王扫六合不是后宫争斗。最后感谢这剧改名叫大秦赋。
4,2020-12-06 04:16:24,1,"绝了真的绝了。
因为是正剧，所以在评分方面就会比较严格。目前看到十二集了，剧情改得稀碎，时间线上我都不知道是不是因为找不到小演员，愣是把始皇帝年龄拉大了几岁。人物设定也非常有问题，完全看不出作为千古一帝应该有的人格魅力。以及始皇帝的身世我觉得是抹黑他的人最喜欢用的一个点，好像这样就能让他的历史光环打折扣似的，我是真的完全不能理解。
你说这个剧讲的是大秦？我觉得换了人名地名，拿它当随随便便的一个古装剧都可以。毫无亮点，毫不精彩，辛亏因为审核原因改了名，还能自我欺骗一下，不然就这种质量，实在拉胯了大秦帝国系列的水平。
本自带八尺厚滤镜的始皇帝迷妹，实在看不下去这个剧了，告辞告辞。"
5,2020-12-01 21:04:25,5,"一直觉得中华文化思想的核心部分来自于大秦，大一统思想，是后世千年来秉承的对外观念。献公攻魏，孝公变法，惠文王定东出国策，武王破宜阳平巴蜀，昭襄王铲除山东六国主力，庄襄王灭东周，始皇帝扫六合。六世明君，天下独此一家。
唯有天下一统，才能开拓万世太平。这句话，放到现在仍然适用，甚至很应景，手动艾特湾湾😂
看了半个小时，场面恢宏，道具服装也更讲究了，先五星再说。"
6,2020-12-02 20:38:24,2,大秦都是些满脑子搞侵略的机器人吗。。。
7,2020-12-04 23:53:42,1,张鲁一这个13岁的始皇是认真的吗……？还因为轧戏背不下来词让编剧改了古文剧本，这敬业程度还不如很多年轻演员吧呵呵
8,2020-12-05 23:27:23,1,张鲁一脸太长不像秦人扮相猥琐比少年嬴政的精气神差太多。弃！
9,2020-12-02 20:29:40,1,第一集开始的战争场面拍的很违和
10,2020-12-06 03:17:57,1,"苦等的大秦4就这？？？一星哀悼斥掉的巨资

水水水，江河湖泊，汪洋大海，人体百分之七十，生命之源！！！！！！！！"
11,2020-12-05 06:19:51,2,先说优点场面宏大，但也仅且而已，看着就睡着了，这又是为何
12,2020-12-04 20:06:09,2,对比前三部拉垮太多了，少年时期既不能找个小孩来演吗？
13,2020-12-02 00:41:28,2,之前看过纵横，感觉这一部开篇就差很大，只突出了战争画面，台词设置人物关系展现都欠点意思，盼望已久却大不如前。除了辛柏青的台词不错
14,2020-12-05 15:17:43,1,让40脸演13岁导演是把观众当弱智吗？
15,2020-12-14 00:23:59,2,今天看了国家宝藏节目里富大龙老师演秦政的片段，太牛了，吊打啊！赤裸裸吊打！撞角色不可怕，谁演的差谁尴尬！富大龙老师能重拍一版就好了。
16,2020-12-05 02:16:59,3,刚刚看了两集时我觉得必须五星啊  然后看完十几集  因为张鲁一打算弃剧  太违和了 没有一点帝王气质   还是为配角团留三星吧  
17,2020-12-09 03:27:06,1,实在是看不下去了，什么玩意啊。。。怎么变成了宫斗了 呃
18,2020-12-14 02:20:11,1,电视剧最可怕的是什么，不是怕你改编或者胡编乱造；最怕的是你打着正剧的名义，有着精致的服道化，也有着过硬演技的演员却给你拍成了一部狗屎都不如的电视剧，还美其名历史正剧。从而让你心底认可他，认为历史就是如此。苍天啊，我大秦的始皇，开创大一统王朝的祖龙就是这个鸟样吗，哭哭啼啼，鸟事不做，唯唯诺诺，瞻前顾后。大秦东出，秦自穆公以来，毕生之愿都是东出，为此三次出兵，虽然都不尽如人意，但东出之愿却是秦每一代君王的理念，治国之本。大秦东出，始皇统一，为什么就这部就这部，拍得这么烂这么烂，这是大秦吗，是我们的赳赳老秦吗？你改名叫大清都没人反对。垃圾编剧垃圾导演，你们的脑子都进水了吧。给你们一星，只因最低只能给一星，垃圾剧就要有垃圾剧待遇，收好你的一星。
19,2020-12-06 03:07:31,1,短评这么多夸的真看懵了
0,2020-12-05 09:33:23,3,不行，我要去看第二部洗洗眼睛
1,2020-12-06 00:09:54,1,被赵姬恶心到了，我要是小说作者也和这狗日的影视制作方打官司，真是一地鸡毛。
2,2020-12-07 23:45:46,1,这个嬴政我绝对不会接受！！！！！台词比起前三部也差太多了！白瞎了其他演员！一看腾讯主投，明白了，只会恰烂钱的鹅。
3,2020-12-08 00:25:22,1,实在看不下去了，建议跟另一烂片木乃伊3场外联动一下。祖龙真要是复活了还是可以把有些人劈了的。
4,2020-12-03 15:51:50,1,少年赢政不能选个少年人来演吗？选角太不严谨了？
5,2020-12-08 22:44:48,1,乱七八糟
6,2020-12-06 02:56:47,2,这部更衬托的富大龙演技高超
7,2020-12-09 11:40:49,2,高开低走，越来越弱智了
8,2020-12-04 23:58:00,2,"1.除了秦昭襄王有点王者的气象，秦异人的犹豫演得好一点，其他人真的演的太烂了。
2.看见赵姬笑我就想吐，这是网红带资进组吧，还来个亚马逊土著妆。
3.嬴政当了那么久质子还不长脑子，大殿杀人，我去，这编剧脑子进了多少水？"
9,2020-12-07 00:44:17,2,张鲁一太出戏、真的看不下去
10,2020-12-05 11:46:09,1,这么正统的历史剧搞的一点都不严谨。嬴政的成年版演员太拉垮，一点祖龙的气质都没。不如年轻的那孩子多演几集
11,2020-12-08 09:58:50,1,其他四颗星跟着嬴政和吕不韦浪迹天涯去了
12,2020-12-05 15:52:18,2,五星改两星了，追了这么多年的大秦帝国，心中那么多期待，结果等来一个这样的大秦赋。看了十几集了、失望至极，只想快进。
13,2020-12-05 13:18:36,2,台词拉垮，白瞎了服化道和部分演员的卖力
14,2020-12-14 00:14:23,1,"看四十多集了，还隔着男女感情呢？
这剧不应该叫大秦赋。
应该叫《赵姬和她的男人们》
赵姬的前情夫——吕不韦
赵姬的老公——嬴异人
赵姬的现情夫——嫪毐
赵姬的舔狗——嬴奚
赵姬的儿子——嬴政
都是围着我大女主赵姬转。😂
补一下，也可以叫大秦帝国之宫斗。"
15,2020-12-04 23:58:17,2,"意识到自己可能不是秦王之子时，嬴政哭的像个三十多岁的孩子。

意识到自己可能是吕不韦之子时，秦王嫡长子嬴政委屈的像个遭养父虐待多年要追随生父到天涯海角的三十多岁孩子。

这么看来，赵国其实对嬴政母子挺好的，能让他们活的这么“好”。"
16,2020-12-10 05:09:44,1,低过了8.0了，哈哈哈，观众的眼睛是雪亮的。可惜子楚活的短，拯救不了后面的观感了。一星给李斯，其余真是看不下去了。都2020年了，居然又看到了围场碰瓷事件，琼瑶阿姨不告你于妈不服。秦，终是要亡了。
17,2020-12-14 02:22:51,1,"太恶心了 朱珠这个水平是怎么能拍到戏的？后台也太强大了吧 从精英律师就觉得她超级做作 加戏咖不说整部剧都变成她秀场了 职场里穿着露肩包臀裙走路屁股扭得都要扭到天上去了 顺便吃着老板飞醋玩着暧昧 真tm离谱 还不停买热搜拉踩女主 演技和台词奇差无比
还有张鲁一 从没觉得他演技好
"
18,2020-12-09 11:37:59,2,本着张鲁一追的，结果目瞪口呆于剧情的无脑，硬凹一个华阳太后的逼宫，倒是把故事编圆了啊，一会儿夏太后出宫求援没有了下文，一会儿赵姬和老公的大兄弟关在一个屋里聊了一晚上，竟然这大兄弟就自己想通了，不谋权篡位了？！是当观众智障么，白瞎了一众好演员……
19,2020-12-01 23:40:16,1,一部不如一部悲哀的新时代
0,2020-12-10 22:06:15,1,谢谢您改名了谢谢谢谢
1,2020-12-03 22:43:52,3,你七十多集呢就不能让张鲁一晚出来会儿吗！干嘛这么急！！新加：我实在受不了张鲁一了，还有台词怎么回事！
2,2020-12-10 13:38:33,1,张鲁一被吹过太多了，这位演技真的是……对不起年龄。
3,2020-12-09 05:06:12,1,背离历史，人设崩塌
4,2020-12-16 03:32:55,1,没有负分是豆瓣最大的败笔
5,2020-12-10 13:51:01,1,姜文在圆桌派里说了中年人和年轻人的审美没什么不同，好的东西公众会形成共识。但是资本总是觉得自己更清楚年轻人喜欢什么。自己知道是翔，却认为年轻人喜欢吃翔，然后给年轻人喂翔。
6,2020-12-09 13:20:58,1,第一集开头上楼梯的时候，“欢呼吧，我的子民。”这他妈的谁写的台词？？？英语翻译过来的吗？哪个正经人会这么尬嗨
7,2020-12-04 15:44:23,2,自诩演技派的张鲁一，从他出现开始就想弃剧，台词说的是啥？前面人设铺垫都挺好的，他爹在第三集结尾那段戏，眼眶含泪宁可舍弃他们母子也要完成使命，大义又纠葛，小嬴政都演的很好不解又懵懂。结果嬴政长大了，就这? 男主真的演的很差劲，忍不了弃剧。顺便说说，他爹他妈妈，邬君梅，吕不韦演的都不错，可惜了这剧!
8,2020-12-09 00:34:43,1,太low了 编的拍的乱七八糟 可惜了大秦天下 正式弃剧
9,2020-12-04 23:10:13,2,怎么能拍成这样？
10,2020-12-08 23:27:59,1,高学历的演员不等于高演技，请搞清楚，如此造作的演技真是尬出天际。
11,2020-12-06 11:28:40,1,觉得好看的可能要反思一下自己的文化水平和逻辑能力
12,2020-12-05 11:20:59,1,制作精良，服化道考究，可惜编剧太差了，吕不韦形象太过完美，简直是耶稣降世圣人一般，嬴政吕不韦两个演员选的都不好，不是演员演技的问题是导演选角不行，看到华阳太后愚蠢到智障一般的逼宫，实在坚持不下去，弃了
13,2020-12-14 08:15:10,1,别问我为什么给低分，看完富大龙综艺节目里的表演，是人就得给这电视剧低分
14,2020-12-07 14:37:48,1,自己收视率不行，一些人就说这剧是因为没迎合女性审美。真扯的脑瘫说法。这锅全体女性不背。
15,2020-12-04 13:48:05,2,弃了
16,2020-12-13 23:22:20,1,"我算是明白了，不光是偶像剧注水严重，历史剧注水也是惨不忍睹，就你有感情？第一部秦公和商鞅的那个什么山水松柏的情谊，高圆圆和公主对商鞅的爱情，占比少，可是多少年了我都记得。赢驷和王后的虐恋，和芈八子的情投意合，和张仪的君臣相得益彰，还有魏王等一大波配角。第三部宁静气场全开，秦王演的也不错。又不是没给你打个样，照着抄都不行，辣鸡，我是看我家政儿统一天下的，不是看秦王后宫乱七八糟的，我要看就看宁静和皇阿玛演的了，演技长相比你们强多了。国产剧真的只能看看那些还没红时候拍的，红了以后资本就进入，整的乱七八糟，老段演技有点浮夸呀，张鲁一长相就不适合，演技一般，唉😔弃了    


气死我了，辣鸡东西，别和大秦有任何关系，叫嫪毐传得了，呸"
17,2020-12-05 15:58:29,2,有点失望。曾经多么喜欢红色里面的张鲁一，是不是他不适合这个角色？
18,2020-12-09 22:39:46,2,编剧跟祖龙到底什么仇，剧情不要太辣鸡，浪迹天涯给我看笑了……张鲁一，你太看得起自己了，导演也太看得起你了，你们结婚吧，你们才是最般配的。老段也演得很一般，不在状态。从上到下都没ac数的剧组，除了战争场面和部分配角（比如老昭襄王和异人还有李斯）就没什么亮点了，等了几年就等出这么部琼瑶风雷剧，某江自砸招牌，不配正剧之名，不配始皇之名。
19,2020-12-14 00:23:15,1,看了《国家宝藏》富大龙老师饰演的嬴政，这才是始皇帝好吗！！
0,2020-12-10 00:39:48,2,从场面制作而言，是一个四星剧。但剧本台词拉胯，变成3.5星。人物形象年龄不符，变成3星。因为承袭大秦帝国，那么只配2星。这种刻板的脸谱化人物，不符实际的演员安排，莫名简单的权谋争斗，如果是一批流量演，早被骂死了变一星了。还不是大家的老戏骨和大秦滤镜给你们面子。
1,2020-12-14 00:30:10,2,"张鲁一和朱珠这母子选角我真他妈服了。。。。

我要看大秦，我不要看大情妇🙄"
2,2020-12-06 10:38:02,1,随便瞅了一眼就看到嬴政紧紧握着吕不韦双手，深情地望向他说：“你若是我的生父，我愿意随你离开秦国，浪迹天涯！”
3,2020-12-07 00:16:31,2,2星给张鲁一出来之前的所有人，张鲁一出来 整部剧立刻垮掉。
4,2020-12-04 13:14:03,3,张鲁一出演13岁的秦始皇嬴政，简直太无语了，侮辱观众智商吗，大秦帝国系列最拉胯的一部了，真不值得这么高的分数
5,2020-12-14 07:34:06,1,谁能想到这nm是部宫斗戏
6,2020-12-05 23:18:47,1,只要滤镜过重都是辣鸡剧。
7,2020-12-04 15:20:08,1,"
为什么顶着历史剧的名头，却是玛丽苏的风格，编剧怎么想的，嬴政是吕不韦儿子的桥段都会放上来，脑子被狗啃了吗！！！！（对不起不想人身攻击，但是作为嬴政脑残粉真的忍不住，对不起）"
8,2020-12-10 22:06:28,1,希望能重拍一部大秦帝国之天下 这部不想说什么了
9,2020-12-11 21:10:42,1,一部大一统本位精神大粪的百科全书。
10,2020-12-08 16:00:22,2,“你若是我的生父 我愿意跟你一起离开秦国”？？？？
11,2020-12-07 14:48:33,1,看，“你们女人看不懂”；不看，“因为里面没有谈恋爱，没有迎合你们女人”，你死不死啊？
12,2020-12-01 21:17:21,5,等了几年的大秦帝国终于在今天放了。感谢全体台前幕后的工作人员的匠心精神，这是部诚意满满的著作！希望可以让更多的人知道什么才是演员，什么才是演技炸裂，什么才是原音出演。祝大卖
13,2020-12-06 09:04:07,1,十三岁的嬴政你是在逗我吗…………离谱
14,2020-12-14 14:01:49,1,富大龙的嬴政一出短短十几分钟，力压你大秦赋七十几集。还好你叫大秦赋，反正已经不把你算在大秦帝国系列了。
15,2020-12-14 01:52:43,1,崩了，最讨厌拖沓，剧集过半还不亲征东出？一个赵姬嫪毐就那么些事非要拖40集？这剧情20集就完了。能不能干散些，麻利些！
16,2020-12-06 09:03:00,1,自己剧情的问题还要甩锅观众吗？
17,2020-12-10 22:45:52,2,"一股子廉价感，我服了导演和编剧了，这么好的题材拍成纪录片，看了33集嬴政就是个叛逆青春期的初中生，嬴政还对和自己夺位的成蛟兄友弟恭，历史上成蛟叛逃到赵国，真的吐了
陈凯歌的《荆轲刺秦王》只用了1/3的篇幅就把嬴政和赵女，嫪毐，吕不韦，樊於期几个人的关系理透，而且这是一部电影，《大秦帝国》用了50集讲嬴政亲政，六国像个龙套一样，是不是等嬴政登高一呼“寡人亲政了”六个龙套就直接宣布投降，然后结束"
18,2020-12-09 01:34:50,2,总是感觉有网剧的痕迹，整体像风骚的赵姬一样轻浮，少了大秦帝国的那种厚重感
19,2020-12-08 09:39:02,1,高开低走，看到12集就看不下去了。秦始皇竟然给吕不韦下跪，什么鬼？每个人物都太脸谱化了，简直就是一部烂剧。而且导演怎么挑的演员，秦始皇这个扮演者实在没有帝王相，倒是有种贼眉鼠眼的感觉。剧情逻辑也不行。一个40岁的演员演13岁秦始皇，我看的都尴尬，辣眼睛呀！看演员的衣服、看着排场、看这老些群演，感觉花了很多钱，拍出这种剧，我能说啥，电视剧水准越来越低，人心不古。
0,2020-12-04 16:05:09,1,这个世界太疯狂，朱珠演张鲁一的妈？
1,2020-12-07 15:24:04,1,嬴政:我不想当一个不知道自己生父是谁的畜生😖😨😨😨千古一帝会说出这样白痴的话来吗?汉高祖刘邦不认亲爹了解一下，不耽误人家当皇帝！😳
2,2020-12-06 11:13:08,1,荼毒中小學生，快禁播
3,2020-12-14 15:54:24,1,富大龙10分钟的始皇帝把你们摩擦进了土里！
4,2020-12-05 15:36:07,1,年龄太不符合了。我们嬴政哥哥13岁继位。22岁亲政。39岁就一统天下了。就不能找不同的演员演不同的时期吗？
5,2020-12-08 04:08:27,1,一星不能再多了，期望值越高失望越大。场景假华丽，一看就知道是现在戏台，编剧脑子大概有坑，嬴政的人设简直是💩，秦国国民真tm喜欢吃瓜，竟然直呼大王嫡子名讳，一口一个嬴政的叫在古代绝对不可能发生。华阳一个色衰爱弛的典范，在剧里变成了有权有势的存在，老秦王嬴骥还在呢，就说这几年国事由她裁夺再怎样国事也轮不到你一个太子夫人裁夺。
6,2020-12-05 01:47:36,2,两星给服道，化已经就拉胯，更别提这尴尬的台词……什么玩意儿，大白话文？逗我呢？
7,2020-12-07 15:54:39,1,剧本不行，演员拉胯，就这还甩锅给女性观众？？说女性只爱看狗血言情？？我可去你的吧
8,2020-12-08 21:48:55,2,这...要全白话就全白话 要古文就古文 “喏”和“原来你能当丞相是靠你姐啊”在一起不知道的还以为是演话剧呢/张鲁一是个好演员没错 但是你让他演13岁的嬴政...比周迅演少女还过分吧/段奕宏演吕不韦一点都不搭啊 邬君梅演华阳夫人也就是一个普通的反派 一点没有精髓 赵姬这个演员是真的想让我快进了
9,2020-12-15 02:06:21,1,不讲始皇帝千古功业，不讲士子安邦治国，不讲名将一统天下。为了一段野史，浪费剧集，赚足眼球，丢人现眼。有争议便不该拍摄，本无法验证，还易误导观众，怪不得不易过审，更是改名，不配为大秦帝国系列。
10,2020-12-11 16:46:47,1,失望透顶！大秦帝国系列最差的一部，主要槽点集中在嬴政，导演就不能选个年轻的演员吗，完全不适合！嬴政和吕不韦看不出年龄差！
11,2020-12-08 01:16:49,1,这个嬴政，我吐了  前三部大秦帝国那么好，最后的收官之作晚节不保，作为观众很惋惜
12,2020-12-09 23:08:13,1,怪不得不叫《大秦帝国》，完全就不是一回事，胡说八道，看着膈应。
13,2020-12-09 01:20:41,2,一言难尽
14,2020-12-07 15:43:12,1,12.15第二次更新：剧情再次刷新了我的底线，简直跟shi一样，太恶心了！企鹅和编剧能有点良心吗？做个人吧12.13第一次更新更新：有了国家宝藏富大龙的嬴政对比，我想打负分了……原文：不太喜欢张鲁一这个演员，倒不是针对他，但是苦着一张文弱脸，瞪着两只无神眼（摘自知乎）这种人来演嬴政你TM是来搞笑的么？不说你把侯勇请来，我觉得富大龙再演一遍都比他强多了，糙。
15,2020-12-11 01:54:12,1,讲真的，大秦赋这个剧扑街真的太合理了！张鲁一演十四岁少年？有事吗？他妈赵姬豆比他看起来小吧……演宫斗是咩？秦宫没宫斗的好咩？！就真的硬宫斗，你也可以编一个邵阳夫人、龙阳夫人吧？再不济，不懂历史，你编一个花贵妃也好！偏偏还是华阳夫人！邬君梅老师是不是欠钱了啊？这个剧真的比如懿传都不合理啊！演的不累吗？
16,2020-12-03 23:23:32,1,拿始皇陛下是吕不韦儿子这点来炒作，只配得一星
17,2020-12-07 20:37:18,1,假...口型对不上词...群演太呆...调度也怪...粗制滥造...不知道怎么爬这么高分
18,2020-12-08 23:12:26,1,张鲁一不适合嬴政看的难受！珠珠也不适合赵姬！还有这个剧情看到现在二十多集这剧配不上8分以上
19,2020-12-08 17:16:27,1,看过的人不觉得拍的很好笑吗？
0,2020-12-09 04:50:32,2,本来可以三星及格的但是张鲁一的嬴政弱智到家了俺真是难以忍受！！！
1,2020-12-08 11:09:34,1,张鲁一演嬴政是最大的败笔，前面看的蛮有兴趣的，他一出场就倒胃口，形象气质完全不搭，不知道制作方是什么原因选择他
2,2020-12-04 18:47:00,1,制作团队得给前几部道歉，这是哪门子正剧？！
3,2020-12-02 15:30:35,5,质感是四部以来最好的，但总感觉精致的画面少了那种战国的粗粝感。
4,2020-12-04 01:24:46,2,祖龙的诅咒如果灵验的话，1星给服装，一星给老段，篡改历史忍不了😤
5,2020-12-14 07:53:12,1,慕名而来～笑死，就这？不要吹切莫老戏骨了！吕不韦为什么畏畏缩缩，还没有他家臣有气度；赵姬像现代穿越过去的；秦异人一脸不是很聪明的样子；张鲁一谁给你的自信演十来岁的始皇帝？跑那几步跟二傻子似的，太可笑了，我还是去看甄嬛传吧
6,2020-12-14 00:12:03,1,对不起我错了，我昨天不该给2星的。你这拍的是什么垃圾？？？？？？？？？？？？？？？？？？？？？？？？？？？？？？？？？？？？？？？？？？？？？？？？？？？？？？？？？？？？？？？？？？？？？？？？？？？？？？？？？？？？？？？？？？？？？？？？？？？？
7,2020-12-04 23:51:28,1,？这是啥 还不是跟当下的剧一个标准
8,2020-12-05 00:55:57,1,剧不好看怪女生？
9,2020-12-05 15:56:00,2,差劲，这么久的期待看了一部这种片，我以为忍一忍开头后面就好了，结果还是这样水，以后别拍了，把我心中的祖龙玷污了。演技和服装还好，台词和剧情太傻了，一个帝国，一堆人精说话这么幼稚吗这么傻吗？
10,2020-12-05 10:54:48,2,当时选角出来就感觉隐隐不合适 张鲁一没有帝王相不具备强大气场 在天朝影视作品里当上帝王的人都不是一脸懦弱长相的 这是咱们文化的特色  况且张鲁一演技台词都仅仅合格 在这种充满戏剧性的大历史剧上要有非常强的基本功  最后一部口碑崩了……选角要负最大的责任…… 还有就是张鲁一同期三部剧在拍 的确精力不足  演员看着很疲惫……可惜了大秦系列
11,2020-12-01 21:06:49,5,更喜欢之前的名字天下。始皇的功绩在千秋。
12,2020-12-07 15:09:49,1,太难看了，感觉辱我大秦帝国，我宁愿去看前面三部去了。垃圾编剧真琼瑶体上身，嬴政演员演技拉胯，太阴柔不像嬴政，台词差很难听，和人物不契合！别打历史剧旗号了，你真不配，不如不拍！
13,2020-12-04 01:10:44,2,服化道还行，群演很多，除此之外，无论是选角、剧情、台词，包括演员的表演等，无一不充斥着一股诡异又雷人的气息
14,2020-12-07 02:58:19,2,编剧没脑子，台词可笑，选角色是瞎了眼了，张鲁一40+的年龄演13岁……麻烦你们把观众眼睛上安上美颜吧。
15,2020-12-10 00:18:14,2,一星给大秦系列，一星给这段历史！原本很期待，但是真的看不进去，演员年龄不合适也没气质没灵气，编剧没新意！
16,2020-12-04 15:22:21,1,太烂了。战国遗韵尽失
17,2020-12-08 15:11:32,1,我从第一眼就get不到的人演了大秦，没关系，继续看吧，我爱大秦。结果他还要浪迹天涯，小人得志
18,2020-12-04 17:56:30,2,zly好丑，几十岁的人了，还演13岁的嬴政？吐了，也弃了，7、80级，又臭又长的
19,2020-12-08 23:14:55,2,说实话网上到处吹的“制作精良”“场景复原”仅止于盔甲的整体造型，一到了室内和细节就全完了！盔甲和各大人物腰上面的皮带看多少次都觉得是上个星期刚出的时装，到处可见的无袖外套，让人瞬间又回到了港剧时代！……自从我历史学本科毕业之后，再也无法直视“历史剧”了，全是槽点和残念！
0,2020-12-09 00:29:03,2,选角真的不行，什么演技都阻止不了只要看着屏幕就出戏，这样观众能沉下心去理解剧情感受演技？
1,2020-12-05 23:50:36,2,怎么一副看似很想制作精良，但剧情已经赵姬等拉胯的演员实在是差劲，漏洞百出，逻辑混乱。
2,2020-12-05 16:03:41,2,嬴政叫吕不韦带他浪迹天涯？加一星给老段
3,2020-12-07 18:21:48,2,自己拍的咋样自己没点数？
4,2020-12-09 23:37:01,2,被 《大秦帝国之纵横》 碾压
5,2020-12-08 08:10:16,1,复活几个兵马俑士兵就能骗好评？幼稚
6,2020-12-06 02:46:09,1,高开低走
7,2020-12-02 15:51:25,2,三星改二星！被剧情恶心到啦，此剧里的秦始皇是我所看到的电视剧与电影里塑造的最弱最弱的一版，灭个嫪毐那么费劲吗？还有就是赵姬与嫪毐本来人物就塑造的不行？为什么戏份那么多？失望
8,2020-12-05 23:21:11,1,13，私奔
9,2020-12-09 23:51:28,2,导演说怕年轻演员没有厚重感，先不讨论13岁的祖龙需要什么厚重感吧，就张鲁一，也没觉得他有厚重感，这剧反而暴露了他只能演好某些角色，帝王类的角色不适合他
10,2020-12-01 22:22:09,5,好家伙主演还没出场有些人就急着开喷了
11,2020-12-16 01:52:07,1,改了好几次评分，一直不想打一星，但想想此等烂剧若因为情怀留有余地，也是对不起前三部，我居然容忍这剧这么长时间已经很难得了。
12,2020-12-15 10:40:34,1,已经是抱着看喜剧心态看了 直到嬴政挂剑情景剧呈现 不得不说编剧是嗑药后写的剧本 商人转型政客吕不韦像济公 李斯像个八卦爱好者 秦王像吃了激素毒药老少年 面容漆黑 甲亢眼 唯唯诺诺 毫无见识  编剧不但低俗而且恶俗 厉害了
13,2020-12-12 23:39:55,1,导演这狗东西，拍个赵姬嫪毐，用了一二十级。这尼玛是一统天下的秦始皇？？导演该死
14,2020-12-04 20:30:03,3,我看是豆瓣分太高把你们惯的，收视扑街甩锅女观众，为什么扑心里没个AC数吗？张鲁一演十二岁的嬴政，谁给的自信让你们觉得观众爱看祖龙被这么糟蹋？我要不是这个系列的粉我直接打一星的心都有了。铺垫了那么多代，结果到了始皇帝就给我看个这？就这？
15,2020-12-10 06:47:35,2,还以为是纪录片。开头始皇自白，就尬死我了，后面台词是连环尬，大白话也不是大问题，问题是这白话听着没有古语味道，词语也太现代了，比如装填。特效不错，可惜战争场面怎么就跟台词一样尬呢？
16,2020-12-04 19:03:38,2,"还好没有叫“大秦帝国之...”, 不是一个档次的作品"
17,2020-12-08 17:09:58,1,这一分我给张鲁一。 真的差 劲。哪有秦王雄风？
18,2020-12-07 22:44:29,2,我真的受不了了，这不是我期待的秦始皇。
19,2020-12-15 10:28:39,3,可以重拍大秦帝国4吗？小秦始皇要翁斐然那类型的演，大秦始皇让富大龙演。
0,2020-12-07 22:58:54,2,现在没童星了吗？？？为什么让四十几岁的张鲁一演12岁的嬴政？？？一脸褶子的少年嬴政？？？
1,2020-12-07 20:25:41,1,"一星给段奕宏，给场面制作，剩下的台词，张鲁一的嬴政不配负一分都。什么玩意，他长得那点像嬴政了，眼里根本没有睥睨天下的霸气，倒像是个奸臣。拍不好你就别拍，有钱了反而拍的是个什么东西。大秦之赵姬秘史还是大秦之谁是我爹。徒有其表，除了场面有什么可以吹得，那么好得ip，稍微改改就成吧，非要改的四不像，也不知道怎么通过审核得。
"
2,2020-12-08 13:33:22,1,可怕的演技，可怕的张鲁一，一出来告诉我13岁，您可别了，用脚选出来的吧，这年头所谓正剧是真的破灭 还有段奕宏，您什么时候演的如此油腻了
3,2020-12-04 07:37:28,2,导演凑合 编剧不可
4,2020-12-16 09:47:26,1,为剧评中那句话：如果不告诉资本，什么是我们真正喜欢的，什么是我们真的不喜欢的，恐怕资本的自以为是，还会持续很长时间。我们已经受够了资本给我们喂shi的日子了。
5,2020-12-04 15:07:35,2,張魯一演技是退步了嗎? 別讓他演少年可以嗎?
6,2020-12-06 09:50:44,1,这剧情也太幼稚、矫情了吧……
7,2020-12-09 00:20:32,2,恕我对历史无知，腰带为什么都在屁股那个位置，很丑很别扭，太浪费那么精致的服化道了。台词跟选角也不是很考究，有些片段，怕是拿观众当傻子吧，8.1分，高了
8,2020-12-05 11:29:37,2,怀着期待，看了前两集，感觉受到了欺骗。预测评分还会再降，最后低于八分。
9,2020-12-07 09:23:41,1,两眼一闭，我滴妈呀。
10,2020-12-07 01:03:49,2,主角选失败了 基本就玩完 一星给段老师那个表情
11,2020-12-04 00:32:14,2,"这就是我期待已久的秦四啊。
多大的脸呐 甩锅（虽然不知道在挣什么）政哥唯粉 我不是 我不配 总之政哥千古一帝 无古人 无来者😘 
还是会看的 毕竟等很久了 驷哥的雄图霸业 大好河山总该看看
:)👀演员表总觉得吕不韦和李斯倒了。"
12,2020-12-01 21:17:20,4,8.0，换团队了。
13,2020-12-07 14:38:08,1,“连自己生父是谁都不知道的畜生”😢😢你知道你妈是谁吗？钢蹦儿☺️☺️☺️
14,2020-12-04 15:39:07,1,我多么希望这只是大秦赋，和前面大秦帝国没有关系的那种……比张鲁一顶着50岁年龄感的脸演13岁的嬴政更可怕的，是他演的嬴政饱含热泪对着一脸正气国之忠臣模样的吕不韦说要一起浪迹天涯，祖龙棺材板都盖不住了，能不能看看翁斐然版本13岁登基然后对吕不韦霸气表示权力不容别人沾染的剧情啊，祖龙人设是权力动物好吧
15,2020-12-06 08:35:15,2,"赵姬刻意的轻浮样、那段尬到死的表白……
嬴政要跟吕不韦私奔？？？
撕裂了撕裂了………吐血1m远。"
16,2020-12-14 21:25:14,1,改名字是有道理的告诉你这不是大秦帝国，是后宫赵姬传，是装嫩鱼旦传，是嫪毐进化史，是拖拖拉拉唧唧歪歪磨磨蹭蹭不入流的地摊文学，是轧戏、改词儿、买热搜、妆发混乱的伪高级剧，是对前三部粉丝的大肆嘲弄，是对所谓老戏骨演技派的彻底否定，是告诉大家，一部剧，最重要的还是编剧的审美。再见，伪大秦帝国四。
17,2020-12-04 19:40:34,2,有头有脚却无心
18,2020-12-07 02:02:07,3,从张鲁一出场，剧情突然飞流直下……
19,2020-12-06 03:11:56,1,他们三为啥不骑马跑？
0,2020-12-07 18:16:13,1,选角差，台词尬，收视不行怪女人。烂剧拿着个豆瓣评分“究其原因”甩锅观众，我看我们观众不给一个配得上剧的评分垃圾是真不知道自己几斤几两哈
1,2020-12-04 13:13:15,3,是不是分不清楚什么岁数的人什么样？？？还是导演觉得观众分不清楚？？？
2,2020-12-09 22:53:10,1,虽然不怎么欣赏嬴政，但张鲁一的始皇帝也实在是太挫了...
3,2020-12-05 06:58:32,2,我后悔了
4,2020-12-12 17:32:33,1,快别赋了
5,2020-12-06 09:27:17,1,这嬴政真的丑，假鼻子一看就整容的，演技尬的要死，评分怎么上去的？？
6,2020-12-05 00:25:54,2,弃了
7,2020-12-04 09:39:24,2,没有想象中那么好看
8,2020-12-08 11:22:19,1,建议鲁一大爷和西门大妈共演年轻小两口。
9,2020-12-11 16:34:11,2,张鲁一是丫头教的吗
10,2020-12-08 18:48:34,1,40多岁的人演13岁不尬吗？
11,2020-12-04 01:08:45,2,赵姬演的实在是垃圾，这么好的剧真是败笔。哎，好惋惜。
12,2020-12-03 23:45:55,2,srds，十三岁的祖龙导演你能不能找个正常的孩子演😕😕😕
13,2020-12-12 22:42:20,2,千年之后，商业资本和文人话权终于联手，向大秦射出了复仇的毒箭。因果不空啊
14,2020-12-15 01:58:49,1,真佩服一直追下去的观众，我看了8，9集就受不了了，赶紧去回顾前面三部洗洗眼和脑子
15,2020-12-06 01:00:00,3,赵姬，嬴政，大败笔
16,2020-12-12 14:38:45,1,这种打着正剧噱头却完全歪曲历史事实单纯慕强的电视剧，只配一星！
17,2020-12-14 01:20:21,1,糟蹋了前三部的经典，糟蹋了原著。
18,2020-12-04 02:19:21,3,"看得出来战争场面的确是弥补了前三部的不足。但是讲真的，没有前三部那种感觉了，可能是选角、某些莫名其妙的剧情、台词、还有某些表演浮夸的人引起的极度不适。
作为大秦帝国粉，前三部翻来覆去看了很多遍的那种，今年这部大秦赋，与我心目中所期待的大秦帝国四相去甚远"
19,2020-12-05 11:08:42,1,与我心中的秦国相差很远
0,2020-12-09 09:13:04,1,拍崩了
1,2020-12-08 22:20:36,3,张鲁一不适合嬴政这个角色，这个是大秦帝国系列最差
2,2020-12-14 20:42:02,1,他喵的我看到43集终于吐了，这垃圾剧情非逼着登录豆瓣账号来打个一星，真特么牛逼。
3,2020-12-05 08:09:55,2,正剧到坚持不到看张鲁一出场嗐
4,2020-12-08 21:59:00,2,与大秦帝国前几部差之甚远，画面且不谈，演员的演技很不自然，感觉演员自己都不相信自己融入了这段历史，演的程度非常重，严重点说演员的水平有限，包括里面一些普遍认为是演技派的演员。另外，台词的设计太差，不是一般的差，听起来好像很有气势，但是很虚，就像在喊口号，没有说服力没有内容。秦始皇，结束了近800年的周王朝，可谓千古一帝，看了这部片子，我不相信千古一帝和创造了那个辉煌时代的英雄是这个样子。
5,2020-12-04 12:55:45,2,还能等到张鲁一的嬴政真香吗？目前评分有点虚高
6,2020-12-08 15:11:02,1,要拍就几部都好好拍，台词变大白话，男主轧戏，你他妈13岁和20岁给我整了个什么玩意的嬴政？？千古一帝你给整成了什么玩意
7,2020-12-04 22:49:20,2,演员和祖龙的贴脸程度基本就相当于滚娘演格尼薇儿，为什么只要拍到祖龙，大部分形象都要把他塑造成一个阴郁的中年男人？？？？而且为啥要在这种剧里打那么死白的光？想念我的王八夫妇。。。。
8,2020-12-04 22:29:26,2,选角、台词啥的先不说了，光是听那说话，怎么总觉得有点怪怪的呢，很不自然，又不像话剧又不像自然说话，总之怪怪的，很出戏。
9,2020-12-14 00:48:30,1,什么玩意儿？就前几集有大秦帝国的风范，后面怎么全是恶心人的东西？观众是想看嬴政一统六国，君临天下，看诸子百家，英才辈出。
10,2020-12-10 21:32:28,1,别吹自己是历史剧了，说架空我分还能打高点
11,2020-12-10 23:09:46,2,弃了，从张鲁一出场开始
12,2020-12-11 14:55:38,1,继《瞄准》后又一注水大剧！墨迹了快40集了，始皇帝还走在看清吕不韦的路上徘徊，难道真要等到77集亲政，78集扫平六国？忍无可忍，准备弃剧了！
13,2020-12-03 13:16:48,2,失望，本来以为张鲁一和段奕宏至少是个可以期待的组合，结果就这？！剧情拖沓，怎么那么多慢镜头？朱珠哪里像赵姬？！垃圾剧，两颗星，一个给张鲁一，一个给段奕宏，其他啥都没
14,2020-12-15 23:41:47,1,"看到48集嫪毐终于死了，一个木木呆呆的嬴政要亲政了。明知道嫪毐要造反，为什么要把咸阳丢给他？还不留下兵，这是要让咸阳血流成河吗？或者让嫪毐在咸阳称王吗？最可笑的是蒙武，轻轻松松的被拿下，五万精兵被叛军夺走。夺走就夺走吧，总要分一万去咸阳帮助嫪毐吧，不分兵，呼啦啦跑雍城，半路被王翦一万人打败了。能不能不搞笑？咸阳嫪毐兵很多啊，怎么就被吕不韦打败了？这么危险的时刻，嬴政还在加冠，看起来成竹在胸，其实安排得一点都不好，差一点咸阳被嫪毐夺去，差一点困守雍城，搞不好城破被杀。你加毛个冠？
这编剧的文化素养和历史水准实在不怎么样，看来文化程度也不怎么高，编剧水平太低，这碗饭不要吃了，回家去吧。"
15,2020-12-14 01:50:03,1,这剧怎么就注水成了这个样子？！都40多集了，秦王还没亲政呢？导演编剧天天扯赵🐔嫪毐那点破事自以为很有吸引力嘛？
16,2020-12-04 17:21:01,1,看这服装打仗时的士兵 城中百姓衣服脸那么干净能是战乱时期吗？ 太假了吧
17,2020-12-14 21:26:44,1,"2020.12.14，第44集完，今夜之后分数必跌倒7分以下，后面还会继续跌！
烂片，有野心的烂片比普通烂片更可恶！
看得人想打人！"
18,2020-12-15 02:07:33,1,垃圾，还好我看到17集就弃了，谢天谢地
19,2020-12-05 08:32:08,2,吕不伟好油
0,2020-12-03 16:25:28,2,服化满满的廉价感！根本不是李梦的剧本，找的什么傻逼编剧枪手，事说不明白，人立不起来，台词小儿科，剪辑稀碎，配角抢戏，好一根华丽的排骨，跟秦一秦二差了一百部秦三，食之无味，弃之可惜。两星给段奕宏辛柏青邬君梅
1,2020-12-14 04:27:14,1,编剧出来挨打，是玛丽苏偶像剧吗？是吧是吧
2,2020-12-08 00:16:50,2,祖龙在天上气得都想下凡现身一下了，符合年龄的演员都请不起还是怎么了？？？？
3,2020-12-07 15:56:09,2,演嬴政的男演员好丑，台词好弱。
4,2020-12-03 23:46:02,2,嗯？？？什么智障剧情，放过祖龙
5,2020-12-04 20:49:34,2,服化道还行，但台词节奏不搭，小配角也太烂了吧，还有背景音乐喧宾夺主
6,2020-12-06 08:58:47,2,张鲁一演十三岁的嬴政！是不是有点过分了？就不能多给年轻演员一些机会吗？
7,2020-12-06 04:30:21,1,浪迹天涯，醉了
8,2020-12-06 19:54:28,1,邪恶的东西
9,2020-12-06 02:10:55,2,不咋地。
10,2020-12-06 21:38:35,2,八点几分，我真是百思不得其解。饥不择食？矬子里拔将军？当看到13岁的秦王那老脸，还管比他年轻多了的王后叫妈，哭着问吕不韦你是不是我爹的时候，我顶不住了。
11,2020-12-05 00:34:19,2,就像一个人工美女，剧情剪辑配乐都比前三部差远了
12,2020-12-08 18:30:21,2,我以后怎么正视秦始皇!!!就不能在前期找个年轻人演吗？！女明星有个丫头教，男星也要建立一个老黄瓜刷绿漆教吗？演员那么好的演技，这么好的一个系列，真的太毁了!
13,2020-12-08 21:50:35,2,"看过30集后，正式弃坑了。
整部剧啰啰嗦嗦，从赢政年少讲到年幼再讲到弱冠，从儿女情长讲到风花雪月，以至于给人一种剧组在洗钱的感觉。明明可以用三到五集说清的事非要讲几十集，从吕不韦到赵姬，从赢傒到华阳太后，从楚女到齐国公主，一些边边角角的人物大书特书，而作为历史上意气风发杀伐果断的君王赢政仿佛只会喊喊口号老子要灭六国。一部本能够24集结束的剧拍了78集，中间更不知道注水了多少。
我看到有人指责资本过度涌入了历史剧，有人指责此片配不上天下两字之豪迈，有人指责某总局审核标准之严苛混乱致使前几年皇宫满清辫子戏奴性求怜，这几年弱智玛丽苏剧大行其道，更不用说什么纯爱版《笑傲江湖》猴版《鹿鼎记》之流了。
或许中国的国际舆论能力和文化影响力就是这样被徒劳消耗的吧，反智未必破坏深远，奶嘴乐不意味着喂屎。"
14,2020-12-16 15:30:54,1,如果祖龙泉下有知，恐怕真实无法接受这样一个嬴政，也无法接受这样的李斯和吕不韦，且不论人设不人设，单说粗糙和逻辑硬伤就非常没有下限了，可能家庭伦理剧的路线本质上是为了让受众比目标市场稍作下沉，但舍本逐末变成了大秦帝国之赵姬和嫪毐的那些事儿实在太过得不偿失。
15,2020-12-11 15:47:20,1,吐血啊，简直了，对祖龙这么不尊重
16,2020-12-02 16:12:51,2,服化道可以，但是剧情人物塑造还不如吕不韦传奇呢，人物没意思，嬴异人都厚着脸皮不认亲妈认比自己小的华阳夫人当亲妈了，这种性格的人不会听从华阳夫人安排娶媳妇？还有吕不韦支持嬴异人的动机是什么，怎么和华阳夫人勾搭上的这些都没讲。。吹秦人吹得我尴尬
17,2020-12-14 07:17:05,1,大秦系列的终结篇终究沦为了《芈月传》那样的戏说剧，台词大白话，华丽的服饰道具没有任何加分作用，反而充斥着一股子影楼风，七国的主要人物戏份太少，形象立不起来，很多对主线剧情无太大加持作用的小人物戏份太多，看着像闹剧，剧情放了一半了，还在围绕着后宫那些琐事，前三部战国时期的古朴、庄严荡然无存，把这一部剧里的称呼改一下，剧情可以放在任何一个朝代而无违和感。前三部优秀在于以秦国为主视角展示了多国的人物如何搞事业，是群像戏，很多人物角色哪怕是小人物都形象分明，让人印象深刻，这一部嘛，感觉除了秦国，其他人都被塑造成了傻子，没有出彩的角色，甚至很多前期的角色后期再出现都想不起来他是谁，白瞎了那么多老戏骨，何况很多年轻演员演技是真差，台词也不行！
18,2020-12-07 00:00:38,1,本来想给两星到三星的 看到某些无脑吹的言论 决定一星 剧组真的心里没数吗 第二部我给了五星 至于这部 我就不说了 还有张鲁一演的叫好？？ ？第二部富大龙 第三部张博哭了
19,2020-12-10 12:58:43,1,这是秦始皇？？？？？？？ 求求张鲁一做个人吧 还好这一部改了名 和前三部分开了
0,2020-12-07 17:37:09,1,什么烂编剧，太脸谱化了。一个个都是拯救苍生为己任，历史是这么编的么，跟英雄有一拼。什么万世太平、二世就灭了，大耳刮子扇得咣咣的。张鲁一的演技不是一般的差，分分钟出戏
1,2020-12-11 14:29:47,1,张鲁一摸摸自己的良心，十三岁的始皇是你这样的吗？！接了角色就好好对待，哪怕人物不贴，你演技找补也行呢，结果演的是个什么玩意。弃剧了，我还不如去回看前几部
2,2020-12-15 08:40:06,1,"秦王扫六合，虎视何雄哉。飞剑决浮云，诸侯尽西来。
知道我为什么给一星了吗？"
3,2020-12-01 21:08:27,5,看了一集实在是觉得不错（朱珠演的赵姬可真美 第二集邬君梅的华阳夫人出场我直接疯掉
4,2020-12-10 01:01:45,1,服化道是用心了，但一堆没用的剧情，观众是想看始皇如何东征，战国中各国的博弈，结果加了一堆没用的剧情，大失望!赵姬带资入组吧，需要让她有那么多剧情吗？（两星改一星，干脆该叫嫪毐赵姬艳史好了）
5,2020-12-03 10:08:31,3,非年龄攻击，张鲁一演十二三岁的嬴政有一点点出戏😃
6,2020-12-05 02:05:10,3,红色滤镜完全脱落
7,2020-12-12 02:17:02,1,选角失败 剧情弱智 好像所有人都知道嬴政能一统天下   这和我们再坚持七年就抗战胜利有什么区别
8,2020-12-16 20:46:15,3,吕不韦演的跟个太监似的，赵姬跟个婊子似的，嬴政跟个弱智似的。这种智商，他能活着出邯郸？
9,2020-12-11 01:22:07,1,该怎么吐槽呢，这部剧真的很期待，大秦的收官之作，千古一帝秦始皇的一生，多好的题材啊，但是各位主创就是这么对待等待许久的观众的吗？食之无味，弃之可惜（可惜仅仅是因为大秦粉的情怀）。前几部资金不充裕，都拍那么精彩，第四部有钱了，设备可了，服化道可了，群演可了，战争场面可了，但是，这个剧本，这个台词，是来侮辱观众的吗？我吐了要，收官之作，非要这么恶心追了这么久的粉丝？？？或许有些场景台词确实还不错，但是也就仅仅那么几个场景而已，，，好失望啊，，，明明可以做得更好的，，，
10,2020-12-16 21:44:37,1,到底谁给张鲁一的勇气，让他顶着那张五十岁的脸来演二十不到的嬴政！谁给朱珠的勇气，让她连台词都捋不顺就敢来演赵姬！谁给的编剧勇气，让他写出这么个狗血弱智故事！一星不亏！
11,2020-12-16 00:01:42,1,垃圾！完全没有逻辑。终于知道为啥要改名了，应该是丢不起前三部的脸。秦始皇是这个B样？！成天就会嘴上喊口号？！李斯也是，你的谋划呢？你的足智多谋呢？“斯兄，守得住么？”“守得住！”好搞笑有木有？！靠老天爷么？！我感觉要不是王离偶然发现端倪，脱身报信。王翦在很偶然的冒险秦王。嬴政估计都挂了！嬴政的雄才大略难道都是偶然随机因素造成的？！真的是，这个编辑读过史书没？！还有脸说是历史正剧……简直毁三观……
12,2020-12-05 17:42:29,2,同意评论说的始皇演员拉胯
13,2020-12-05 22:50:14,2,场面宏大，道具逼真，这是正面评价。剪辑混乱，随意篡改历史，玛丽苏情节雷人，这是负面评价。看到11集我想骂编剧骂导演，白瞎了这么好的道具这么好的原著。
14,2020-12-09 00:09:25,2,浪迹天涯~
15,2020-12-15 03:44:31,1,妈妈看得气得不行，让我赶紧上来打个一分。虽然我只看了两集，但我想正气凛然吕不韦和傻白甜嬴政，玛丽苏赵姬，是值得一分的。
16,2020-12-11 01:24:59,2,就这一部拉低了整个系列的档次，很少能见到几乎每个演员都不适合自己角色的电视剧，而且还是这么关键的角色，演的最好最适合角色的是辛柏青，扫六合统一天下的千古一帝天天为谣言和后宫磨磨唧唧，真想让富大龙的秦惠文王和宁静的芈八子来教训他一把。我还是接着去看前几部吧
17,2020-12-13 11:40:00,1,"负分滚粗。
嬴政在最后一集在古德里安的指导下，采用闪电战在最后五分钟击败六国。"
18,2020-12-09 06:29:54,2,平淡如水的剧情。。 一点激情澎湃，高潮迭起的感觉都木有。。。 🙄
19,2020-12-04 09:40:33,2,太慢
0,2020-12-14 16:43:18,1,前两集还正常，后面是还珠格格的编剧接手了吗？
1,2020-12-03 17:06:21,1,虚构情节和人物太多了  导演和编剧能不能好好学一学历史再来拍片 别误人子弟呀 把孩子都交坏了  嬴政13岁当秦王 让41岁的张鲁一直接演13岁的嬴政 人才呀 还有就是女主角太丑了 都没女仆人好看 能不能找个像样的呀
2,2020-12-04 22:50:18,2,过时多年的老干部风历史剧，恨不得让猪脚们捧个大茶缸子穿身绿军装那种。虽然大秦系列原著也是恨不得正面反面侧面360度拍遍当权者臀部的东西，但是这个还是惊了。
3,2020-12-15 22:03:32,2,我个人觉得，这是大秦系列最差的一部。导演像个迫切希望抓住他以为的年轻人喜好的傻逼，以为重点放在嫪毐赵姬的不伦恋上就能抓到一批怀有猎奇心理的年轻人的心，炒起话题和热度。事实上，无论什么年龄层的观众都不喜欢这个，而且作为大秦系列剧，即使你改了名字，那重点难道就该放在嫪毐赵姬上？难道大秦系列的看点不是秦王朝的历代君臣么？你一个嫪毐需要这么多集去情情爱爱？灭个嫪毐之乱需要这么多集？剧情过了将近60%了，嬴政还没亲政，还在搞嫪毐赵姬，重点剧情一律一笔带过，emmm…？两位导演是脑子有坑还是真的傻逼？以后这两位导演的作品，一律不约，恶心！
4,2020-12-12 22:54:40,2,说好的一统天下呢，怎么是又臭又长的宫斗剧！
5,2020-12-06 09:11:28,2,"台词太中二，剧情太弱智，搞得好像所有人一开始就知道嬴政将来要当皇帝，嬴政成为太子的历程拍的跟儿戏一样，给前三部（尤其是第一部）提鞋都不配……司马迁如果看了这部剧一定会从坟里跳出来教编剧导演讲历史故事……朱珠的赵姬是最大的败笔，每次有她的片段果断跳过；十二集弃
"
6,2020-12-15 10:46:07,2,能不能重拍大秦帝国之天下，大秦帝国系列应该整整齐齐。这剧如果不是大秦帝国系列，我心里就好受多了。tm，这个朱珠要啥没啥，怎么成为女主的？
7,2020-12-11 14:21:02,2,作为追了裂变，崛起，纵横的观众，我对这一部剧，特别失望
8,2020-12-06 11:25:11,1,资本的力量成果恶心到我了
9,2020-12-12 01:57:14,1,白瞎了大场面！！！幸好没叫大秦帝国，不配！番外都算不上！好好的历史正剧弄成古偶了！！！
10,2020-12-10 07:46:11,2,这剧从宫变就开始崩，看到13岁的嬴政顶着张鲁一40➕的脸对着吕不韦喊出：爸爸我们去浪迹天涯，我实在忍不下去了😰这什么鬼👻，是同一个编剧写的吗😱
11,2020-12-01 21:06:07,5,第一集看完了，熟悉的味道
12,2020-12-13 23:59:05,1,"开始还是挺上心，每天都赶着更新，今天看到嫪毐在大街上把一个叫小紫的带进车里，弃了，不要解释，越解释越恶心
本来盼着如何一统天下平定六国，来这里扯这些乱七八糟垃圾剧情，真是太龌龊了，果然是国产剧能报所有类型的剧都他妈拍成狗血剧，真是傻逼！"
13,2020-12-14 02:32:31,1,大秦赋之嫪毐传之秦宫绝恋
14,2020-12-08 14:52:15,2,以为是跟大秦帝国一个级别，然而。。朱珠和张鲁一对戏太出戏了，甩锅女性观众又是什么毛病，看了几集了，闹到现在后面也不想看了。
15,2020-12-04 16:35:54,2,张鲁一是认真的吗？？？？！？！剧方太想不开了
16,2020-12-15 00:52:20,1,一星是怒其不争，这可是千古一帝开启封建大一统王朝的超级历史啊，是诸子百家还在的万法时代啊。这么多年，第一次为剧而怒，CNM。
17,2020-12-09 10:27:49,1,被张鲁一恶心到了，这么大年纪了演13岁有没有点自知之明？
18,2020-12-14 01:45:18,1,特么的，把我大秦帝国拍成了宫斗剧，八辈祖宗！
19,2020-12-02 22:28:32,3,一般般，比起前三部差
0,2020-12-08 14:35:48,1,大白话哪有古风的味道
1,2020-12-08 14:21:29,1,被十三岁的张鲁一辣瞎了🆘剧组是tm找不到小演员了非要这么膈应人？祖🐉可显显灵吧
2,2020-12-15 01:52:16,1,车裂嫪毐，摔孩子的镜头一个都没有。等了几天等了个寂寞。还有之前吕不韦本就想杀嫪毐的，为了一个所谓的削弱各方势力。秦始皇不惜牺牲这么多人的性命。这是真的历史吗？如果是，李斯之流死不足惜。如果不是，那就是导演编剧胡编乱造。该拍的轻描淡写，不该拍的大肆渲染。究竟是谁的错？要让观众买单。
3,2020-12-16 01:36:56,1,他妈的 这就是💩啊！！！快跑！快跑！千万别看！这是大情夫，和大秦帝国一点关系也没有
4,2020-12-07 17:33:29,1,烂，还怪观众
5,2020-12-10 05:21:36,3,剧本跟前几季没法比，吐槽最多的赢政。。张鲁一实在是有一股很丧的气质，我实在没眼看他演的铁林版赢政，虽然从未期待看到一个神一样的赢政，但顶着40岁的脸说那么稚气的话怎么看都像个智障啊！
6,2020-12-03 22:09:40,2,实景拍摄，大制作。人物塑造，什么鬼。
7,2020-12-09 03:18:54,2,真的不行
8,2020-12-02 23:32:25,2,演员是好演员，就是导演是不是对历史误解很大呀，赢异人当着平原君面说，你今日杀我妻儿，他人就要杀掉全天下姓赵的，但秦王和赵王都是赢姓赵氏，难道他要自己杀自己？还有华阳夫人是芈姓熊氏，是楚国王室之后，剧情里说她弟杀了秦丞相，就会灭掉芈姓一族，难道你要去杀了楚国所有芈姓熊氏?我就熊🥶
9,2020-12-08 13:54:14,2,剪刀手删减大法，演员替换大法，历史篡改大法，法法法fuck！
10,2020-12-03 08:53:38,1,靠
11,2020-12-10 13:29:01,1,没用大秦帝国的名字也挺好😊总感觉不是一个系列的
12,2020-12-04 01:18:45,1,一般
13,2020-12-09 21:42:57,1,看到浪迹天涯那句我裂开了，我的千古一帝我的嬴政怎么像个女人似的……
14,2020-12-14 22:48:39,1,嫪毐和赵姬是带资进组的吗！？
15,2020-12-09 10:25:52,2,选角不行，嬴政赵姬吕不韦这几个角色演员选的是啥？？剧情也不行，剪辑的更是烂，经常画面转换的莫名其妙，导演是刚从小白剪辑速成班毕业吗？唯一的亮点是有些大场面拍的还可以。评分虚高，7分不能再多了
16,2020-12-09 11:27:43,2,勉强看了二十集，和裂变，纵横没得比....
17,2020-12-07 12:30:34,1,"第一部5星，第二部4星，第三部3星，第四部1星。。 傻D编剧编D啥？ 
还是摆脱不了宫斗吗？还是说脑壳限制了你的想象力？要不要去灵隐寺开个光？里面都是啥台词？真是彩！！！吕不韦问秦屎黄看看这边都有啥？屎黄答：咸阳，，又问看看那边都有啥，答：天下。。。我擦。。 
公子傒与王后在房间里待了一天一夜，刚开始说自己要称王，然后王后说当王不快乐，公子傒就说不当王了，我帮你儿子称王，拉起王后的手就像要私奔的样子。。🤣🤣秦屎黄还哭着要和吕不韦浪迹天涯。。。
40岁的演员演13岁嬴政，去叫38岁的演员为娘，，，我二话不说就是一顿周星驰式的暴揍。。。"
18,2020-12-16 09:48:50,1,失望，感觉像是在看一个国家如何走向灭亡的
19,2020-12-08 03:03:50,1,烂到不忍直视，我老秦人的脸都要被丢尽了
0,2020-12-09 23:33:10,1,一波人装模作样地做戏！
1,2020-12-05 23:43:27,1,"台词雷死人，三秒钟出戏。

目前只看到吕不韦拜相。举个例子：试问，太后的弟弟竟然敢在朝堂上叫嚣庄襄王是靠认母亲登上王位，我不知道是历史人物没长脑子还是编剧没长脑子？"
2,2020-12-10 04:43:09,3,为什么网上一片叫好，历史正剧十老戏骨≠好剧，开头就是规模庞大的攻城戏，但我看了只想笑，士兵又是列阵又是摆阵的，动都不动一下，射死一边个再补上，跟木头一样，场面搞的好大，但感觉就像花架子。不否认服装道具很好，但某些被夸上天的老戏骨我个人认为演技也没有多好，动不动装深沉要么就是肢体语言爆发那种，太格式化表演不喜欢。还有长的一脸大叔相的少年赢政太刺激我的眼球。
3,2020-12-02 11:39:14,1,扭曲的判断和价值观，头皮发麻的台词
4,2020-12-14 00:47:08,2,失败的选角和自以为是的剧情都被讨论烂了，节奏也是很大的问题，都集数过半了嬴政愣是没亲政，这个问题很致命，直接导致观众弃剧。
5,2020-12-08 08:04:19,1,赢政可以暴躁如雷但不能失去对事物基本的判断逻辑...
6,2020-12-08 22:04:42,2,一直对这类正剧都比较喜欢，但是这剧，为什么十几岁不找小演员啊，好出戏啊，特别违和，不知道导演怎么想的
7,2020-12-09 11:18:49,1,求求编剧做个人吧，好歹把上一部的剧情补一补不难吧？我都不要求编剧查阅史料了。
8,2020-12-05 23:48:55,2,毁了我的大秦系列，很前面的没法比
9,2020-12-05 23:50:16,2,镜头过于拉垮
10,2020-12-08 01:39:27,2,"本来五星，还跟别人理论。。。。实在是看到10-12集说不出的尴尬。尤其公子溪和赵姬这段，嬴政继位这段不知道改的什么历史。实在是笑出声。简直就是陈凯歌的甄嬛传第二。

另外是真的烦古装剧现在衣服都穿的这么干净，朝堂那么干净，还有木地板。真特么服了。分分钟出戏。

老三国之所以成为经典就是没有这么多美工，没有这么多特效，反而拍出了最真实的战争朝堂场面。现在的编剧导演真是服了"
11,2020-12-10 12:07:45,1,侮辱了前几部的粉丝
12,2020-12-09 11:33:40,2,编导都换掉了，难怪拍得这么娘里娘气的，赳赳老秦的钢骨都没了
13,2020-12-14 16:34:08,1,有些人当个配角，整天艳压主角，一旦当了主角就各种撑不起场面，呸，自不量力
14,2020-12-10 11:21:23,1,"第一集时：4星，对服化道表示惊艳；
第三集后：3星，缺乏秦之气魄；
第十集后：1星，简直大秦帝国之耻辱；秦孝公的英明真是被侮辱了。请不要挂大秦帝国第4部，这对第一部是侮辱，真的。"
15,2020-12-07 08:18:58,2,身为始皇粉对选角真的是吐血，希望制片方们明白演员先须外形合适，演技才能锦上添花！！！！
16,2020-12-08 09:53:17,2,二十集弃。一手好牌打得稀烂，台词不雕琢，剧情也太扯了。
17,2020-12-14 03:59:01,1,始皇帝 冷静！我等帮你压住棺材板。
18,2020-12-07 23:05:54,2,十三岁顶着40岁的脸，我就退出来了…
19,2020-12-09 23:03:52,2,前几集还行，从张鲁一出来就开始拉胯了，张鲁一太违和，朱珠演技和台词都很烂，总的来说这剧太难看了
0,2020-12-10 00:25:32,2,都莫我看的历史纪录片好看。人物上场都是赶着来的，情节又很拖，二倍速观看。拍摄镜头，战争场面都不好。吕不韦要演的那么懵逼吗？感觉演员演的费力又浮夸。
1,2020-12-06 09:03:37,1,剧情毫无波澜，无感。
2,2020-12-10 13:33:56,2,被张鲁一、朱朱劝退了，已经去看前几部了。
3,2020-12-14 08:05:50,2,冲着始皇陛下我不会打一星。张鲁一这张脸怎么看怎么烦，四十岁的人演13岁的嬴政，我当场血压飙升。快四十集了还没亲政，可劲儿拍赵姬嫪毐那点破事，大秦赋还是宫心计？编剧你出来谢罪吧，这破剧就是祖龙看了都要从墓里出来掐死编剧的程度
4,2020-12-05 13:06:47,1,不要再对着暴秦手冲了…
5,2020-12-14 13:31:32,1,大情妇
6,2020-12-07 17:33:18,1,这盛世如你所愿
7,2020-12-08 23:29:13,2,这剧拍的可真是半桶水装水装了半桶水桶里全是水噢
8,2020-12-16 01:54:34,1,"太好看了太好看啦！从第三节起剧情飞起!
重更，垃圾剧情，垃圾电视，还好不叫大秦帝国，你也不属于大秦帝国"
9,2020-12-09 09:02:10,2,看了三集，有人说可以媲美雍正、大明，倒是实在差的太远
10,2020-12-04 22:53:35,2,“为万民，不受劽土之苦，战乱之祸，须将天下权柄操于王者一人之手，唯其如此，天下万民才可能混而唯一，呈万世太平”，看到这里无论演技，场面，这剧也只能是呵呵了，一星给孙皓晖，一星给赵高
11,2020-12-11 14:28:12,2,这个嬴政太拉胯了，选角失败啊
12,2020-12-05 22:43:48,2,味如嚼蜡
13,2020-12-07 23:16:43,2,张鲁一能演13岁的嬴政可能是因为在肚子里呆了三十年
14,2020-12-14 20:13:01,1,战国的史诗，应该站在华夏文明为什么必然会走向大一统命运的高度上去展现，周王朝和战国七雄从诞生到结束，他们的命运，每一个对华夏文明都有着不可替代的价值和光彩。要讲述大一统的故事，应该去展现战国七雄每个割据势力的荣耀啊……去表达七雄在周王室礼乐制度下内在的命运联结啊……去勇敢的歌颂他们的奋斗和告别啊……去讲述大一统之后秦国为后世打下的框架理想和同其他六国一样灭亡的宿命感啊！！！拍成这个样子，我真要哭了。
15,2020-12-15 01:26:57,1,这个叫珠珠的肯定不简单，接了两档大IP大众翘首以盼的剧，说明……都烂掉了说明………，而且大秦赋很明显在为她多加戏
16,2020-12-10 22:09:22,2,都34集了，秦王还没亲政，这不是最后一部了吗？张鲁一这部剧里演得好一般，说好的千古一帝，到现在还被吕不韦和太后压制的啥都干不了，吕不韦还一副老子是为了你好才不给你亲政的？？？赵姬还敢把自己和宣太后相提并论？这糟糕的剧情，这令人崩溃的人设，对不起，是我大意了啊！
17,2020-12-13 22:40:31,1,本剧是对始皇帝的侮辱
18,2020-12-08 12:13:42,1,不管剧情怎么样，演员应该合适的年纪拍合适的剧，13岁和19岁的嬴政真的不长张鲁一这样
19,2020-12-08 19:24:07,1,#大秦赋#虽然剧组有钱了，但是没内味儿了……朱珠时时刻刻都是那种忍辱负重的眼神？眼角给我一种随时发狠的感觉。张鲁一去认吕不韦当爹？这是什么天打雷劈的剧情？就是花里胡哨的，穷讲究画面，追求造型追求大场面，除了给人添堵啥用没有。给侯勇富大龙张博提鞋都不配
