Source,Target,Weight
范闲,若若,521
范闲,五竹,938
范闲,费介,285
范闲,范建,243
范闲,范思辙,294
范闲,林若甫,72
范闲,长公主,955
范闲,陈萍萍,936
范闲,王启年,528
范闲,叶灵儿,336
范闲,理理,343
范闲,李弘成,246
范闲,二皇子,751
范闲,林婉儿,430
范闲,李承乾,49
范闲,肖恩,438
范闲,燕小乙,288
范闲,朱格,8
范闲,言若海,54
范闲,上杉虎,94
范闲,高达,222
范闲,朵朵,110
范闲,沈重,89
范闲,豆豆,12
范闲,庆帝,249
五竹,范闲,938
五竹,费介,43
五竹,若若,7
五竹,长公主,17
五竹,林婉儿,5
五竹,陈萍萍,66
五竹,李弘成,5
五竹,叶灵儿,3
五竹,范思辙,2
五竹,范建,11
五竹,燕小乙,4
五竹,肖恩,22
五竹,上杉虎,1
五竹,二皇子,8
五竹,高达,2
五竹,庆帝,60
五竹,王启年,2
五竹,朵朵,1
若若,范闲,521
若若,五竹,7
若若,费介,16
若若,范思辙,73
若若,叶灵儿,51
若若,李弘成,37
若若,长公主,9
若若,理理,5
若若,林婉儿,78
若若,王启年,3
若若,陈萍萍,13
若若,范建,12
若若,燕小乙,1
若若,二皇子,7
若若,朵朵,1
若若,庆帝,6
费介,范闲,285
费介,五竹,43
费介,若若,16
费介,王启年,5
费介,长公主,15
费介,范建,3
费介,叶灵儿,4
费介,林婉儿,9
费介,陈萍萍,60
费介,言若海,3
费介,肖恩,22
费介,理理,2
费介,二皇子,2
费介,高达,1
费介,燕小乙,3
费介,庆帝,2
言若海,王启年,3
言若海,陈萍萍,27
言若海,长公主,8
言若海,朱格,5
言若海,肖恩,4
言若海,范闲,54
言若海,费介,3
言若海,上杉虎,2
言若海,范建,2
言若海,沈重,1
言若海,燕小乙,2
陈萍萍,范闲,936
陈萍萍,范建,98
陈萍萍,长公主,83
陈萍萍,王启年,46
陈萍萍,费介,60
陈萍萍,理理,19
陈萍萍,五竹,66
陈萍萍,林若甫,17
陈萍萍,二皇子,12
陈萍萍,范思辙,5
陈萍萍,若若,13
陈萍萍,林婉儿,15
陈萍萍,肖恩,75
陈萍萍,言若海,27
陈萍萍,朱格,5
陈萍萍,上杉虎,5
陈萍萍,沈重,4
陈萍萍,燕小乙,7
陈萍萍,朵朵,1
陈萍萍,庆帝,82
陈萍萍,高达,30
陈萍萍,李弘成,2
范建,范闲,243
范建,长公主,37
范建,林若甫,14
范建,陈萍萍,98
范建,费介,3
范建,二皇子,22
范建,范思辙,10
范建,理理,1
范建,五竹,11
范建,若若,12
范建,王启年,1
范建,肖恩,2
范建,李弘成,3
范建,林婉儿,6
范建,高达,1
范建,言若海,2
范建,叶灵儿,1
范建,燕小乙,1
范建,庆帝,8
范思辙,范闲,294
范思辙,若若,73
范思辙,叶灵儿,8
范思辙,范建,10
范思辙,王启年,10
范思辙,李弘成,9
范思辙,林婉儿,16
范思辙,陈萍萍,5
范思辙,长公主,3
范思辙,五竹,2
范思辙,二皇子,20
范思辙,朵朵,1
范思辙,理理,2
林若甫,范闲,72
林若甫,范建,14
林若甫,陈萍萍,17
林若甫,长公主,20
林若甫,二皇子,7
林若甫,李弘成,3
林若甫,林婉儿,3
林若甫,燕小乙,1
长公主,范建,37
长公主,范闲,955
长公主,五竹,17
长公主,费介,15
长公主,陈萍萍,83
长公主,二皇子,131
长公主,若若,9
长公主,林婉儿,18
长公主,林若甫,20
长公主,范思辙,3
长公主,李弘成,9
长公主,肖恩,52
长公主,理理,6
长公主,燕小乙,56
长公主,言若海,8
长公主,朱格,8
长公主,王启年,24
长公主,李承乾,1
长公主,上杉虎,29
长公主,高达,3
长公主,沈重,10
长公主,叶灵儿,12
长公主,庆帝,10
长公主,朵朵,1
二皇子,李弘成,79
二皇子,范建,22
二皇子,范闲,751
二皇子,长公主,131
二皇子,理理,9
二皇子,王启年,5
二皇子,陈萍萍,12
二皇子,林若甫,7
二皇子,林婉儿,10
二皇子,肖恩,3
二皇子,叶灵儿,67
二皇子,若若,7
二皇子,五竹,8
二皇子,范思辙,20
二皇子,沈重,5
二皇子,费介,2
二皇子,上杉虎,1
二皇子,燕小乙,1
二皇子,李承乾,3
二皇子,庆帝,6
二皇子,高达,2
二皇子,朵朵,1
王启年,费介,5
王启年,范闲,528
王启年,陈萍萍,46
王启年,范思辙,10
王启年,理理,19
王启年,二皇子,5
王启年,若若,3
王启年,叶灵儿,1
王启年,言若海,3
王启年,燕小乙,10
王启年,长公主,24
王启年,范建,1
王启年,肖恩,20
王启年,上杉虎,4
王启年,高达,62
王启年,沈重,2
王启年,朵朵,1
王启年,庆帝,4
王启年,五竹,2
叶灵儿,若若,51
叶灵儿,范闲,336
叶灵儿,范思辙,8
叶灵儿,费介,4
叶灵儿,林婉儿,25
叶灵儿,王启年,1
叶灵儿,五竹,3
叶灵儿,二皇子,67
叶灵儿,范建,1
叶灵儿,长公主,12
叶灵儿,燕小乙,1
叶灵儿,李弘成,13
叶灵儿,上杉虎,1
李弘成,二皇子,79
李弘成,若若,37
李弘成,范闲,246
李弘成,理理,4
李弘成,范思辙,9
李弘成,五竹,5
李弘成,长公主,9
李弘成,范建,3
李弘成,林若甫,3
李弘成,叶灵儿,13
李弘成,陈萍萍,2
李弘成,林婉儿,3
李弘成,朵朵,1
理理,范闲,343
理理,李弘成,4
理理,二皇子,9
理理,范建,1
理理,王启年,19
理理,陈萍萍,19
理理,若若,5
理理,林婉儿,1
理理,长公主,6
理理,肖恩,20
理理,费介,2
理理,朵朵,10
理理,沈重,2
理理,上杉虎,3
理理,范思辙,2
理理,庆帝,3
理理,高达,1
理理,豆豆,3
林婉儿,范闲,430
林婉儿,五竹,5
林婉儿,费介,9
林婉儿,长公主,18
林婉儿,范思辙,16
林婉儿,理理,1
林婉儿,若若,78
林婉儿,叶灵儿,25
林婉儿,陈萍萍,15
林婉儿,二皇子,10
林婉儿,范建,6
林婉儿,林若甫,3
林婉儿,朵朵,1
林婉儿,庆帝,4
林婉儿,李弘成,3
李承乾,范闲,49
李承乾,长公主,1
李承乾,二皇子,3
肖恩,陈萍萍,75
肖恩,长公主,52
肖恩,范闲,438
肖恩,理理,20
肖恩,言若海,4
肖恩,范建,2
肖恩,二皇子,3
肖恩,费介,22
肖恩,王启年,20
肖恩,燕小乙,10
肖恩,五竹,22
肖恩,上杉虎,89
肖恩,高达,11
肖恩,沈重,8
肖恩,朵朵,2
燕小乙,范闲,288
燕小乙,长公主,56
燕小乙,若若,1
燕小乙,王启年,10
燕小乙,五竹,4
燕小乙,肖恩,10
燕小乙,上杉虎,21
燕小乙,费介,3
燕小乙,陈萍萍,7
燕小乙,林若甫,1
燕小乙,叶灵儿,1
燕小乙,范建,1
燕小乙,二皇子,1
燕小乙,言若海,2
燕小乙,庆帝,7
朱格,长公主,8
朱格,言若海,5
朱格,范闲,8
朱格,陈萍萍,5
上杉虎,言若海,2
上杉虎,范闲,94
上杉虎,肖恩,89
上杉虎,长公主,29
上杉虎,陈萍萍,5
上杉虎,燕小乙,21
上杉虎,王启年,4
上杉虎,沈重,45
上杉虎,五竹,1
上杉虎,理理,3
上杉虎,二皇子,1
上杉虎,庆帝,24
上杉虎,叶灵儿,1
高达,范闲,222
高达,肖恩,11
高达,王启年,62
高达,范建,1
高达,长公主,3
高达,费介,1
高达,五竹,2
高达,朵朵,1
高达,陈萍萍,30
高达,二皇子,2
高达,理理,1
高达,庆帝,3
朵朵,范闲,110
朵朵,理理,10
朵朵,王启年,1
朵朵,范思辙,1
朵朵,若若,1
朵朵,陈萍萍,1
朵朵,林婉儿,1
朵朵,高达,1
朵朵,庆帝,7
朵朵,长公主,1
朵朵,二皇子,1
朵朵,李弘成,1
朵朵,肖恩,2
朵朵,五竹,1
沈重,范闲,89
沈重,陈萍萍,4
沈重,王启年,2
沈重,长公主,10
沈重,上杉虎,45
沈重,肖恩,8
沈重,理理,2
沈重,二皇子,5
沈重,言若海,1
豆豆,范闲,12
豆豆,理理,3
庆帝,五竹,60
庆帝,王启年,4
庆帝,范闲,249
庆帝,长公主,10
庆帝,陈萍萍,82
庆帝,范建,8
庆帝,二皇子,6
庆帝,上杉虎,24
庆帝,林婉儿,4
庆帝,燕小乙,7
庆帝,朵朵,7
庆帝,理理,3
庆帝,高达,3
庆帝,若若,6
庆帝,费介,2
